Type,School,Smith,Mei,Length,Authentication,Filename,FilePath
Tanto,Rai,中堂来,光包,27.2,Tokubetsu Juyo 6,短刀 光包 長さ27.2糎 ・特重 第6回,中堂来　（光包）/短刀　　光包　　長さ27.2糎　・特重　第6回.jpg
Tanto,Rai,中堂来,光包,27.2,Juyo 10,短刀 光包 長さ27.2糎 ・第10回,中堂来　（光包）/短刀　　光包　　長さ27.2糎　・第10回.jpg
Tanto,Rai,中堂来,無銘 （中堂来）,27,Juyo 40,短刀 無銘 （中堂来） 長さ27.0糎 第40回,中堂来　（光包）/短刀　　無銘　（中堂来）　　長さ27.0糎　　第40回.jpg
Tanto,Rai,中堂来,無銘 （光包）,25.1,Juyo 24,短刀 無銘 （光包） 長さ25.1糎 第24回。,中堂来　（光包）/短刀　　無銘　（光包）　　長さ25.1糎　　第24回。.jpg
Tanto,Rai,中堂来,無銘 （光包）,25.7,Juyo 26,短刀 無銘 （光包） 長さ25.7糎 第26回。,中堂来　（光包）/短刀　　無銘　（光包）　　長さ25.7糎　　第26回。.jpg
Tanto,Rai,中堂来,無銘 （光包）,26.6,Juyo 47,短刀 無銘 （光包） 長さ26.6糎 第47回。,中堂来　（光包）/短刀　　無銘　（光包）　　長さ26.6糎　　第47回。.jpg
Tanto,Rai,中堂来,無銘 （光包）,26.9,Juyo 22,短刀 無銘 （光包） 長さ26.9糎 第22回,中堂来　（光包）/短刀　　無銘　（光包）　　長さ26.9糎　　第22回.jpg
Wakizashi,Rai,中堂来,光包 （朱銘） 本阿 （花押）,30.3,Tokubetsu Juyo 15,脇差 光包 （朱銘） 本阿 （花押） 長さ30.3糎 ・特重 第15回,中堂来　（光包）/脇差　　光包　（朱銘）　本阿　（花押）　長さ30.3糎　・特重　第15回.jpg
Wakizashi,Rai,中堂来,光包 （朱銘） 本阿 （花押）,30.3,Juyo 43,脇差 光包 （朱銘） 本阿 （花押） 長さ30.3糎 ・第43回,中堂来　（光包）/脇差　　光包　（朱銘）　本阿　（花押）　長さ30.3糎　・第43回.jpg
Wakizashi,Rai,中堂来,無銘 （伝中堂来）,54.6,Juyo 31,脇差 無銘 （伝中堂来） 長さ54.6糎 第31回。,中堂来　（光包）/脇差　　無銘　（伝中堂来）　　長さ54.6糎　　第31回。.jpg
Katana,Rai,中島来,無銘 （中島来）,67.4,Juyo 46,刀    無銘 （中島来） 長さ67.4糎 第46回。,中島来　（国長）/刀　　   無銘　（中島来）　　長さ67.4糎　　第46回。.jpg
Katana,Rai,中島来,無銘 （中島来）,67.5,Juyo 22,刀    無銘 （中島来） 長さ67.5糎 第22回。,中島来　（国長）/刀　　   無銘　（中島来）　　長さ67.5糎　　第22回。.jpg
Katana,Rai,中島来,無銘 （中島来）,68.4,Juyo 46,刀    無銘 （中島来） 長さ68.4糎 第46回。,中島来　（国長）/刀　　   無銘　（中島来）　　長さ68.4糎　　第46回。.jpg
Katana,Rai,中島来,無銘 （中島来）,68.7,Juyo 23,刀    無銘 （中島来） 長さ68.7糎 第23回。,中島来　（国長）/刀　　   無銘　（中島来）　　長さ68.7糎　　第23回。.jpg
Katana,Rai,中島来,無銘 （中島来）,69,Juyo 23,刀    無銘 （中島来） 長さ69.0糎 第23回。,中島来　（国長）/刀　　   無銘　（中島来）　　長さ69.0糎　　第23回。.jpg
Katana,Rai,中島来,無銘 （中島来）,69,Juyo 25,刀    無銘 （中島来） 長さ69.0糎 第25回。,中島来　（国長）/刀　　   無銘　（中島来）　　長さ69.0糎　　第25回。.jpg
Katana,Rai,中島来,無銘 （中島来）,69.4,Juyo 21,刀    無銘 （中島来） 長さ69.4糎 第21回。,中島来　（国長）/刀　　   無銘　（中島来）　　長さ69.4糎　　第21回。.jpg
Katana,Rai,中島来,無銘 （中島来）,69.6,Juyo 26,刀    無銘 （中島来） 長さ69.6糎 第26回。,中島来　（国長）/刀　　   無銘　（中島来）　　長さ69.6糎　　第26回。.jpg
Katana,Rai,中島来,無銘 （中島来）,69.7,Juyo 22,刀    無銘 （中島来） 長さ69.7糎 第22回,中島来　（国長）/刀　　   無銘　（中島来）　　長さ69.7糎　　第22回.jpg
Katana,Rai,中島来,無銘 （中島来）,70,Juyo 19,刀    無銘 （中島来） 長さ69.95糎 第19回。,中島来　（国長）/刀　　   無銘　（中島来）　　長さ69.95糎　　第19回。.jpg
Katana,Rai,中島来,無銘 （中島来）,70,Juyo 25,刀    無銘 （中島来） 長さ70.0糎 第25回。,中島来　（国長）/刀　　   無銘　（中島来）　　長さ70.0糎　　第25回。.jpg
Katana,Rai,中島来,無銘 （中島来）,70.1,Juyo 24,刀    無銘 （中島来） 長さ70.1糎 第24回。,中島来　（国長）/刀　　   無銘　（中島来）　　長さ70.1糎　　第24回。.jpg
Katana,Rai,中島来,無銘 （中島来）,70.1,Juyo 29,刀    無銘 （中島来） 長さ70.1糎 第29回。,中島来　（国長）/刀　　   無銘　（中島来）　　長さ70.1糎　　第29回。.jpg
Katana,Rai,中島来,無銘 （中島来）,70.4,Juyo 22,刀    無銘 （中島来） 長さ70.4糎 第22回。,中島来　（国長）/刀　　   無銘　（中島来）　　長さ70.4糎　　第22回。.jpg
Katana,Rai,中島来,無銘 （中島来）,70.4,Juyo 37,刀    無銘 （中島来） 長さ70.4糎 第37回。,中島来　（国長）/刀　　   無銘　（中島来）　　長さ70.4糎　　第37回。.jpg
Katana,Rai,中島来,無銘 （中島来）,71.2,Juyo 22,刀    無銘 （中島来） 長さ71.2糎 第22回。,中島来　（国長）/刀　　   無銘　（中島来）　　長さ71.2糎　　第22回。.jpg
Katana,Rai,中島来,無銘 （中島来）,71.2,Juyo 40,刀    無銘 （中島来） 長さ71.2糎 第40回。,中島来　（国長）/刀　　   無銘　（中島来）　　長さ71.2糎　　第40回。.jpg
Katana,Rai,中島来,無銘 （中島来）,71.4,Juyo 36,刀    無銘 （中島来） 長さ71.4糎 第36回。,中島来　（国長）/刀　　   無銘　（中島来）　　長さ71.4糎　　第36回。.jpg
Katana,Rai,中島来,無銘 （中島来）,71.5,Juyo 31,刀    無銘 （中島来） 長さ71.5糎 第31回。,中島来　（国長）/刀　　   無銘　（中島来）　　長さ71.5糎　　第31回。.jpg
Katana,Rai,中島来,無銘 （中島来）,71.6,Juyo 47,刀    無銘 （中島来） 長さ71.6糎 第47回,中島来　（国長）/刀　　   無銘　（中島来）　　長さ71.6糎　　第47回.jpg
Katana,Rai,中島来,無銘 （中島来）,71.7,Juyo 15,刀    無銘 （中島来） 長さ71.7糎 第15回。,中島来　（国長）/刀　　   無銘　（中島来）　　長さ71.7糎　　第15回。.jpg
Katana,Rai,中島来,無銘 （中島来）,72.9,Juyo 46,刀    無銘 （中島来） 長さ72.9糎 第46回。,中島来　（国長）/刀　　   無銘　（中島来）　　長さ72.9糎　　第46回。.jpg
Katana,Rai,中島来,無銘 （中島来）,74,Juyo 24,刀    無銘 （中島来） 長さ74.0糎 第24回。,中島来　（国長）/刀　　   無銘　（中島来）　　長さ74.0糎　　第24回。.jpg
Katana,Rai,中島来,無銘 （伝中島来）,69.4,Juyo 12,刀    無銘 （伝中島来） 長さ2尺2寸9分半 第12回。,中島来　（国長）/刀　　   無銘　（伝中島来）　　長さ2尺2寸9分半　　第12回。.jpg
Katana,Rai,中島来,無銘 （伝中島来）,71.2,Juyo 14,刀    無銘 （伝中島来） 長さ2尺3寸5分 第14回。,中島来　（国長）/刀　　   無銘　（伝中島来）　　長さ2尺3寸5分　　第14回。.jpg
Katana,Rai,中島来,無銘 （伝中島来）,75.1,Juyo 12,刀    無銘 （伝中島来） 長さ2尺4寸8分半 第12回。,中島来　（国長）/刀　　   無銘　（伝中島来）　　長さ2尺4寸8分半　　第12回。.jpg
Katana,Rai,中島来,無銘 （伝中島来）,67.5,Juyo 18,刀    無銘 （伝中島来） 長さ67.5糎 第18回,中島来　（国長）/刀　　   無銘　（伝中島来）　　長さ67.5糎　　第18回.jpg
Katana,Rai,中島来,無銘 （伝中島来）,67.5,Juyo 18,刀    無銘 （伝中島来） 長さ67.5糎 第18回。,中島来　（国長）/刀　　   無銘　（伝中島来）　　長さ67.5糎　　第18回。.jpg
Katana,Rai,中島来,無銘 （伝中島来）,69.4,Juyo 15,刀    無銘 （伝中島来） 長さ69.4糎 第15回,中島来　（国長）/刀　　   無銘　（伝中島来）　　長さ69.4糎　　第15回.jpg
Katana,Rai,中島来,無銘 （伝中島来）,69.4,Juyo 19,刀    無銘 （伝中島来） 長さ69.4糎 第19回。,中島来　（国長）/刀　　   無銘　（伝中島来）　　長さ69.4糎　　第19回。.jpg
Katana,Rai,中島来,無銘 （伝中島来）,69.6,Juyo 17,刀    無銘 （伝中島来） 長さ69.6糎 第17回。,中島来　（国長）/刀　　   無銘　（伝中島来）　　長さ69.6糎　　第17回。.jpg
Katana,Rai,中島来,無銘 （伝中島来）,69.6,Juyo 21,刀    無銘 （伝中島来） 長さ69.6糎 第21回。,中島来　（国長）/刀　　   無銘　（伝中島来）　　長さ69.6糎　　第21回。.jpg
Katana,Rai,中島来,無銘 （伝中島来）,69.7,Juyo 24,刀    無銘 （伝中島来） 長さ69.7糎 第24回。,中島来　（国長）/刀　　   無銘　（伝中島来）　　長さ69.7糎　　第24回。.jpg
Katana,Rai,中島来,無銘 （伝中島来）,70.3,Juyo 17,刀    無銘 （伝中島来） 長さ70.3糎 第17回。,中島来　（国長）/刀　　   無銘　（伝中島来）　　長さ70.3糎　　第17回。.jpg
Katana,Rai,中島来,無銘 （伝中島来）,70.4,Juyo 19,刀    無銘 （伝中島来） 長さ70.4糎 第19回。,中島来　（国長）/刀　　   無銘　（伝中島来）　　長さ70.4糎　　第19回。.jpg
Katana,Rai,中島来,無銘 （伝中島来）,70.8,Juyo 15,刀    無銘 （伝中島来） 長さ70.8糎 第15回。,中島来　（国長）/刀　　   無銘　（伝中島来）　　長さ70.8糎　　第15回。.jpg
Katana,Rai,中島来,無銘 （伝中島来）,70.9,Juyo 24,刀    無銘 （伝中島来） 長さ70.9糎 第24回。,中島来　（国長）/刀　　   無銘　（伝中島来）　　長さ70.9糎　　第24回。.jpg
Katana,Rai,中島来,無銘 （伝中島来）,71.2,Juyo 32,刀    無銘 （伝中島来） 長さ71.2糎 第32回。,中島来　（国長）/刀　　   無銘　（伝中島来）　　長さ71.2糎　　第32回。.jpg
Katana,Rai,中島来,無銘 （伝中島来）,71.8,Juyo 21,刀    無銘 （伝中島来） 長さ71.8糎 第21回。,中島来　（国長）/刀　　   無銘　（伝中島来）　　長さ71.8糎　　第21回。.jpg
Katana,Rai,中島来,無銘 （伝中島来）,71.8,Juyo 31,刀    無銘 （伝中島来） 長さ71.8糎 第31回。,中島来　（国長）/刀　　   無銘　（伝中島来）　　長さ71.8糎　　第31回。.jpg
Katana,Rai,中島来,無銘 （伝中島来）,72,Juyo 29,刀    無銘 （伝中島来） 長さ72.0糎 第29回。,中島来　（国長）/刀　　   無銘　（伝中島来）　　長さ72.0糎　　第29回。.jpg
Katana,Rai,中島来,無銘 （伝中島来）,72.1,Juyo 20,刀    無銘 （伝中島来） 長さ72.1糎 第20回,中島来　（国長）/刀　　   無銘　（伝中島来）　　長さ72.1糎　　第20回.jpg
Katana,Rai,中島来,無銘 （伝中島来）,74.7,Juyo 33,刀    無銘 （伝中島来） 長さ74.7糎 第33回。,中島来　（国長）/刀　　   無銘　（伝中島来）　　長さ74.7糎　　第33回。.jpg
Katana,Rai,中島来,国長 （金象嵌） 中島来 本阿 （花押）,70.8,Juyo 19,刀    国長 （金象嵌） 中島来 本阿 （花押） 長さ70.8糎 第19回。,中島来　（国長）/国長/刀　　   国長　（金象嵌）　中島来　本阿　（花押）　長さ70.8糎　　第19回。.jpg
Katana,Rai,中島来,来国長 （折返銘）,68,Juyo 17,刀    来国長 （折返銘） 長さ68.0糎 第17回。,中島来　（国長）/国長/刀　　   来国長　（折返銘）　　長さ68.0糎　　第17回。.jpg
Katana,Rai,中島来,来国長 （金粉銘） 光遜 （花押）,69.6,Juyo 19,刀    来国長 （金粉銘） 光遜 （花押） 長さ69.6糎 第19回。,中島来　（国長）/国長/刀　　   来国長　（金粉銘）　光遜　（花押）　　長さ69.6糎　　第19回。.jpg
Katana,Rai,中島来,来国長 （金象嵌）,70,Juyo 33,刀    来国長 （金象嵌） 長さ70.0糎 第33回。,中島来　（国長）/国長/刀　　   来国長　（金象嵌）　　長さ70.0糎　　第33回。.jpg
Katana,Rai,中島来,来国長 （金象嵌）,71.9,Juyo 19,刀    来国長 （金象嵌） 長さ71.9糎 第19回。,中島来　（国長）/国長/刀　　   来国長　（金象嵌）　　長さ71.9糎　　第19回。.jpg
Katana,Rai,中島来,来国長 （金象嵌） 本阿 （花押）,70.2,Juyo 24,刀    来国長 （金象嵌） 本阿 （花押） 長さ70.2糎 第24回。,中島来　（国長）/国長/刀　　   来国長　（金象嵌）　本阿　（花押）　長さ70.2糎　　第24回。.jpg
Katana,Rai,中島来,来国長 （額銘）,70.8,Juyo 19,刀    来国長 （額銘） 長さ70.8糎 第19回。,中島来　（国長）/国長/刀　　   来国長　（額銘）　　長さ70.8糎　　第19回。.jpg
Katana,Rai,中島来,無銘 （伝来国長）,68.2,Juyo 27,刀    無銘 （伝来国長） 長さ68.2糎 第27回。,中島来　（国長）/国長/刀　　   無銘　（伝来国長）　　長さ68.2糎　　第27回。.jpg
Katana,Rai,中島来,無銘 （伝来国長）,69.4,Juyo 30,刀    無銘 （伝来国長） 長さ69.4糎 第30回,中島来　（国長）/国長/刀　　   無銘　（伝来国長）　　長さ69.4糎　　第30回.jpg
Katana,Rai,中島来,無銘 （伝来国長）,69.6,Juyo 17,刀    無銘 （伝来国長） 長さ69.6糎 第17回。,中島来　（国長）/国長/刀　　   無銘　（伝来国長）　　長さ69.6糎　　第17回。.jpg
Katana,Rai,中島来,無銘 （伝来国長）,70,Juyo 17,刀    無銘 （伝来国長） 長さ70.0糎強 第17回。,中島来　（国長）/国長/刀　　   無銘　（伝来国長）　　長さ70.0糎強　　第17回。.jpg
Katana,Rai,中島来,無銘 （伝来国長）,70.2,Juyo 19,刀    無銘 （伝来国長） 長さ70.2糎 第19回。,中島来　（国長）/国長/刀　　   無銘　（伝来国長）　　長さ70.2糎　　第19回。.jpg
Katana,Rai,中島来,無銘 （伝来国長）,71.2,Juyo 15,刀    無銘 （伝来国長） 長さ71.2糎 第15回。,中島来　（国長）/国長/刀　　   無銘　（伝来国長）　　長さ71.2糎　　第15回。.jpg
Katana,Rai,中島来,無銘 （伝来国長）,71.5,Juyo 43,刀    無銘 （伝来国長） 長さ71.5糎 第43回,中島来　（国長）/国長/刀　　   無銘　（伝来国長）　　長さ71.5糎　　第43回.jpg
Katana,Rai,中島来,無銘 （伝来国長）,74.7,Juyo 31,刀    無銘 （伝来国長） 長さ74.7糎 第31回。,中島来　（国長）/国長/刀　　   無銘　（伝来国長）　　長さ74.7糎　　第31回。.jpg
Katana,Rai,中島来,無銘 （来国長）,63,Juyo 26,刀    無銘 （来国長） 長さ63.05糎 第26回。,中島来　（国長）/国長/刀　　   無銘　（来国長）　　長さ63.05糎　　第26回。.jpg
Katana,Rai,中島来,無銘 （来国長）,68.9,Juyo 47,刀    無銘 （来国長） 長さ68.9糎 第47回。,中島来　（国長）/国長/刀　　   無銘　（来国長）　　長さ68.9糎　　第47回。.jpg
Katana,Rai,中島来,無銘 （来国長）,69.3,Juyo 44,刀    無銘 （来国長） 長さ69.3糎 第44回,中島来　（国長）/国長/刀　　   無銘　（来国長）　　長さ69.3糎　　第44回.jpg
Katana,Rai,中島来,無銘 （来国長）,69.5,Juyo 35,刀    無銘 （来国長） 長さ69.5糎 第35回,中島来　（国長）/国長/刀　　   無銘　（来国長）　　長さ69.5糎　　第35回.jpg
Katana,Rai,中島来,無銘 （来国長）,70.4,Juyo 37,刀    無銘 （来国長） 長さ70.4糎 第37回。,中島来　（国長）/国長/刀　　   無銘　（来国長）　　長さ70.4糎　　第37回。.jpg
Katana,Rai,中島来,無銘 （来国長）,71.1,Juyo 41,刀    無銘 （来国長） 長さ71.1糎 第41回。,中島来　（国長）/国長/刀　　   無銘　（来国長）　　長さ71.1糎　　第41回。.jpg
Tachi,Rai,中島来,無銘 （伝来国長）,86.1,Juyo 20,太刀 無銘 （伝来国長） 長さ86.1糎 第20回。,中島来　（国長）/国長/太刀　　無銘　（伝来国長）　　長さ86.1糎　　第20回。.jpg
Tanto,Rai,中島来,来国長,26.8,Juyo 37,短刀 来国長 長さ26.8糎 第37回,中島来　（国長）/国長/短刀　　来国長　　長さ26.8糎　　第37回.jpg
Tanto,Rai,中島来,来国長,28.6,Juyo 21,短刀 来国長 長さ28.6糎 第21回。,中島来　（国長）/国長/短刀　　来国長　　長さ28.6糎　　第21回。.JPG
Tanto,Rai,中島来,来国長,29,Juyo 19,短刀 来国長 長さ29.0糎 第19回。,中島来　（国長）/国長/短刀　　来国長　　長さ29.0糎　　第19回。.jpg
Tanto,Rai,中島来,来国長,29.8,Juyo 24,短刀 来国長 長さ29.8糎 第24回。,中島来　（国長）/国長/短刀　　来国長　　長さ29.8糎　　第24回。.jpg
Tanto,Rai,中島来,無銘 （来国長）,25.6,Juyo 33,短刀 無銘 （来国長） 長さ25.6糎 第33回。,中島来　（国長）/国長/短刀　　無銘　（来国長）　　長さ25.6糎　　第33回。.jpg
Wakizashi,Rai,中島来,来国長,38.2,Juyo 12,脇差 来国長 長さ1尺2寸6分半 第12回。,中島来　（国長）/国長/脇差　　来国長　　長さ1尺2寸6分半　　第12回。.jpg
Wakizashi,Rai,中島来,来国長,30.6,Juyo 15,脇差 来国長 長さ30.6糎 第15回。,中島来　（国長）/国長/脇差　　来国長　　長さ30.6糎　　第15回。.jpg
Wakizashi,Rai,中島来,来国長,32.1,Juyo 18,脇差 来国長 長さ32.1糎 第18回。,中島来　（国長）/国長/脇差　　来国長　　長さ32.1糎　　第18回。.jpg
Wakizashi,Rai,中島来,来国長,32.4,Juyo 26,脇差 来国長 長さ32.4糎 第26回。,中島来　（国長）/国長/脇差　　来国長　　長さ32.4糎　　第26回。.jpg
Wakizashi,Rai,中島来,来国長,33.2,Tokubetsu Juyo 17,脇差 来国長 長さ33.2糎 ・特重 第17回。,中島来　（国長）/国長/脇差　　来国長　　長さ33.2糎　・特重　第17回。.jpg
Wakizashi,Rai,中島来,来国長,33.2,Juyo 1,脇差 来国長 長さ33.2糎 ・第1回。,中島来　（国長）/国長/脇差　　来国長　　長さ33.2糎　・第1回。.jpg
Wakizashi,Rai,中島来,無銘 （伝来国長）,35.5,Juyo 24,脇差 無銘 （伝来国長） 長さ35.5糎 第24回。,中島来　（国長）/国長/脇差　　無銘　（伝来国長）　　長さ35.5糎　　第24回。.jpg
Tachi,Rai,中島来,無銘 （中島来）,65.8,Juyo 39,太刀 無銘 （中島来） 長さ65.8糎 第39回。,中島来　（国長）/太刀　　無銘　（中島来）　　長さ65.8糎　　第39回。.jpg
Wakizashi,Rai,中島来,無銘 （中島来）,32.4,Juyo 26,脇差 無銘 （中島来） 長さ32.4糎 第26回。,中島来　（国長）/脇差　　無銘　（中島来）　　長さ32.4糎　　第26回。.jpg
Wakizashi,Rai,中島来,無銘 （中島来）古極中島来（花押）と朱書がある,30.6,Juyo 31,脇差 無銘 （中島来）古極中島来（花押）と朱書がある 長さ30.6糎 第31回。,中島来　（国長）/脇差　　無銘　（中島来）古極中島来（花押）と朱書がある　長さ30.6糎　第31回。.jpg
Naoshi,Rai,中島来,刀 無銘 （中島来）,51.1,Juyo 46,薙刀直し刀 無銘 （中島来） 長さ51.1糎 第46回。,中島来　（国長）/薙刀直し刀　　無銘　（中島来）　　長さ51.1糎　　第46回。.jpg
Tachi,Rai,了戒,九郎左衛門尉久信作 一海,84,Juyo 39,太刀 九郎左衛門尉久信作 一海 長さ84.0糎 第39回。,了戒/久信/太刀　　九郎左衛門尉久信作　　一海　　長さ84.0糎　第39回。.jpg
Tachi,Rai,了戒,了久信,83.7,Juyo 38,太刀 了久信 長さ83.7糎 第38回,了戒/久信/太刀　　了久信　　長さ83.7糎　　第38回.jpg
Kodachi,Rai,了戒,了久信,61.6,Juyo 39,小太刀 了久信 長さ61.6糎 第39回,了戒/久信/小太刀　　了久信　　長さ61.6糎　　第39回.jpg
Katana,Rai,了戒,了戒 （折返銘）,70.7,Juyo 15,刀  了戒 （折返銘） 長さ70.7糎 第15回。,了戒/了戒/刀　　　 了戒　（折返銘）　　長さ70.7糎　　第15回。.jpg
Katana,Rai,了戒,了戒 （金象嵌）,75,Juyo 46,刀  了戒 （金象嵌） 長さ75.0糎 第46回,了戒/了戒/刀　　　 了戒　（金象嵌）　　長さ75.0糎　　第46回.jpg
Katana,Rai,了戒,了戒 （金象嵌） 本阿 （花押）,70.5,Juyo 20,刀  了戒 （金象嵌） 本阿 （花押） 長さ70.5糎 第20回。,了戒/了戒/刀　　　 了戒　（金象嵌）　本阿　（花押）　　長さ70.5糎　　第20回。.jpg
Katana,Rai,了戒,了戒 （金象嵌） 薫山 （花押）,61.6,Juyo 26,刀  了戒 （金象嵌） 薫山 （花押） 長さ61.6糎 第26回,了戒/了戒/刀　　　 了戒　（金象嵌）　薫山　（花押）　　長さ61.6糎　　第26回.jpg
Katana,Rai,了戒,無銘 （了戒）,66.3,Juyo 23,刀  無銘 （了戒） 長さ66.3糎 第23回。,了戒/了戒/刀　　　 無銘　（了戒）　　長さ66.3糎　　第23回。.jpg
Katana,Rai,了戒,無銘 （了戒）,66.6,Juyo 26,刀  無銘 （了戒） 長さ66.6糎 第26回。,了戒/了戒/刀　　　 無銘　（了戒）　　長さ66.6糎　　第26回。.jpg
Katana,Rai,了戒,無銘 （了戒）,66.8,Juyo 43,刀  無銘 （了戒） 長さ66.8糎 第43回。,了戒/了戒/刀　　　 無銘　（了戒）　　長さ66.8糎　　第43回。.jpg
Katana,Rai,了戒,無銘 （了戒）,67.6,Juyo 20,刀  無銘 （了戒） 長さ67.6糎 第20回,了戒/了戒/刀　　　 無銘　（了戒）　　長さ67.6糎　　第20回.jpg
Katana,Rai,了戒,無銘 （了戒）,68.4,Juyo 36,刀  無銘 （了戒） 長さ68.4糎 第36回,了戒/了戒/刀　　　 無銘　（了戒）　　長さ68.4糎　　第36回.jpg
Katana,Rai,了戒,無銘 （了戒）,68.9,Juyo 35,刀  無銘 （了戒） 長さ68.9糎 第35回,了戒/了戒/刀　　　 無銘　（了戒）　　長さ68.9糎　　第35回.jpg
Katana,Rai,了戒,無銘 （了戒）,69.2,Juyo 41,刀  無銘 （了戒） 長さ69.2糎 第41回。,了戒/了戒/刀　　　 無銘　（了戒）　　長さ69.2糎　　第41回。.jpg
Katana,Rai,了戒,無銘 （了戒）,69.4,Juyo 18,刀  無銘 （了戒） 長さ69.4糎 第18回,了戒/了戒/刀　　　 無銘　（了戒）　　長さ69.4糎　　第18回.jpg
Katana,Rai,了戒,無銘 （了戒）,69.4,Juyo 41,刀  無銘 （了戒） 長さ69.4糎 第41回,了戒/了戒/刀　　　 無銘　（了戒）　　長さ69.4糎　　第41回.jpg
Katana,Rai,了戒,無銘 （了戒）,69.7,Juyo 44,刀  無銘 （了戒） 長さ69.7糎 第44回,了戒/了戒/刀　　　 無銘　（了戒）　　長さ69.7糎　　第44回.jpg
Katana,Rai,了戒,無銘 （了戒）,70.6,Juyo 35,刀  無銘 （了戒） 長さ70.6糎 第35回。,了戒/了戒/刀　　　 無銘　（了戒）　　長さ70.6糎　　第35回。.jpg
Katana,Rai,了戒,無銘 （了戒）,70.9,Juyo 41,刀  無銘 （了戒） 長さ70.9糎 第41回。,了戒/了戒/刀　　　 無銘　（了戒）　　長さ70.9糎　　第41回。.jpg
Katana,Rai,了戒,無銘 （了戒）,71.2,Juyo 30,刀  無銘 （了戒） 長さ71.2糎 第30回,了戒/了戒/刀　　　 無銘　（了戒）　　長さ71.2糎　　第30回.jpg
Katana,Rai,了戒,無銘 （了戒）,74,Juyo 15,刀  無銘 （了戒） 長さ74.0糎 第15回,了戒/了戒/刀　　　 無銘　（了戒）　　長さ74.0糎　　第15回.jpg
Katana,Rai,了戒,無銘 （了戒）,74,Juyo 44,刀  無銘 （了戒） 長さ74.0糎 第44回,了戒/了戒/刀　　　 無銘　（了戒）　　長さ74.0糎　　第44回.jpg
Katana,Rai,了戒,無銘 （了戒）,74.2,Juyo 28,刀  無銘 （了戒） 長さ74.2糎 第28回。,了戒/了戒/刀　　　 無銘　（了戒）　　長さ74.2糎　　第28回。.jpg
Katana,Rai,了戒,無銘 （了戒）,76.4,Juyo 35,刀  無銘 （了戒） 長さ76.4糎 第35回。,了戒/了戒/刀　　　 無銘　（了戒）　　長さ76.4糎　　第35回。.jpg
Katana,Rai,了戒,無銘 （伝了戒）,69.4,Juyo 14,刀  無銘 （伝了戒） 長さ2尺2寸9分 第14回,了戒/了戒/刀　　　 無銘　（伝了戒）　　長さ2尺2寸9分　　第14回.jpg
Katana,Rai,了戒,無銘 （伝了戒）,71.2,Juyo 14,刀  無銘 （伝了戒） 長さ2尺3寸5分 第14回。,了戒/了戒/刀　　　 無銘　（伝了戒）　　長さ2尺3寸5分　　第14回。.jpg
Katana,Rai,了戒,無銘 （伝了戒）,72,Juyo 10,刀  無銘 （伝了戒） 長さ2尺3寸7分5厘 第10回。,了戒/了戒/刀　　　 無銘　（伝了戒）　　長さ2尺3寸7分5厘　　第10回。.jpg
Katana,Rai,了戒,無銘 （伝了戒）,66.8,Juyo 16,刀  無銘 （伝了戒） 長さ66.8糎 第16回,了戒/了戒/刀　　　 無銘　（伝了戒）　　長さ66.8糎　　第16回.jpg
Katana,Rai,了戒,無銘 （伝了戒）,67.6,Juyo 25,刀  無銘 （伝了戒） 長さ67.6糎 第25回,了戒/了戒/刀　　　 無銘　（伝了戒）　　長さ67.6糎　　第25回.jpg
Katana,Rai,了戒,無銘 （伝了戒）,70,Juyo 24,刀  無銘 （伝了戒） 長さ70.0糎 第24回。,了戒/了戒/刀　　　 無銘　（伝了戒）　　長さ70.0糎　　第24回。.jpg
Katana,Rai,了戒,無銘 （伝了戒）,70.7,Juyo 26,刀  無銘 （伝了戒） 長さ70.7糎 第26回,了戒/了戒/刀　　　 無銘　（伝了戒）　　長さ70.7糎　　第26回.jpg
Katana,Rai,了戒,無銘 （伝了戒）,71.1,Juyo 25,刀  無銘 （伝了戒） 長さ71.1糎 第25回。,了戒/了戒/刀　　　 無銘　（伝了戒）　　長さ71.1糎　　第25回。.jpg
Katana,Rai,了戒,無銘 （伝了戒）,72.6,Juyo 17,刀  無銘 （伝了戒） 長さ72.6糎 第17回。,了戒/了戒/刀　　　 無銘　（伝了戒）　　長さ72.6糎　　第17回。.jpg
Katana,Rai,了戒,無銘 （伝了戒）,73.8,Juyo 15,刀  無銘 （伝了戒） 長さ73.8糎 第15回。,了戒/了戒/刀　　　 無銘　（伝了戒）　　長さ73.8糎　　第15回。.jpg
Tachi,Rai,了戒,了戒,69.1,Juyo 4,太刀 了戒 長さ2尺2寸8分弱 第4回。,了戒/了戒/太刀　　了戒　　長さ2尺2寸8分弱　　第4回。.jpg
Tachi,Rai,了戒,了戒,72.7,Juyo 11,太刀 了戒 長さ2尺4寸 第11回,了戒/了戒/太刀　　了戒　　長さ2尺4寸　　第11回.jpg
Tachi,Rai,了戒,了戒,80.3,Juyo 1,太刀 了戒 長さ2尺6寸5分 第1回,了戒/了戒/太刀　　了戒　　長さ2尺6寸5分　　第1回.jpg
Tachi,Rai,了戒,了戒,63.7,Juyo 33,太刀 了戒 長さ63.7糎 第33回。,了戒/了戒/太刀　　了戒　　長さ63.7糎　　第33回。.jpg
Tachi,Rai,了戒,了戒,68,Juyo 42,太刀 了戒 長さ68.0糎 第42回。,了戒/了戒/太刀　　了戒　　長さ68.0糎　　第42回。.jpg
Tachi,Rai,了戒,了戒,68.2,Juyo 27,太刀 了戒 長さ68.2糎 第27回,了戒/了戒/太刀　　了戒　　長さ68.2糎　　第27回.jpg
Tachi,Rai,了戒,了戒,68.4,Juyo 21,太刀 了戒 長さ68.4糎 第21回。,了戒/了戒/太刀　　了戒　　長さ68.4糎　　第21回。.jpg
Tachi,Rai,了戒,了戒,69.8,Juyo 22,太刀 了戒 長さ69.8糎 第22回,了戒/了戒/太刀　　了戒　　長さ69.8糎　　第22回.jpg
Tachi,Rai,了戒,了戒,70.1,Juyo 26,太刀 了戒 長さ70.1糎 第26回,了戒/了戒/太刀　　了戒　　長さ70.1糎　　第26回.jpg
Tachi,Rai,了戒,了戒,70.5,Juyo 34,太刀 了戒 長さ70.5糎 第34回,了戒/了戒/太刀　　了戒　　長さ70.5糎　　第34回.jpg
Tachi,Rai,了戒,了戒,70.9,Juyo 31,太刀 了戒 長さ70.9糎 第31回。,了戒/了戒/太刀　　了戒　　長さ70.9糎　　第31回。.jpg
Tachi,Rai,了戒,了戒,71,Juyo 36,太刀 了戒 長さ71.0糎 第36回,了戒/了戒/太刀　　了戒　　長さ71.0糎　　第36回.jpg
Tachi,Rai,了戒,了戒,72,Juyo 30,太刀 了戒 長さ72.0糎 第30回。,了戒/了戒/太刀　　了戒　　長さ72.0糎　　第30回。.jpg
Tachi,Rai,了戒,了戒,75.2,Juyo 25,太刀 了戒 長さ75.15糎 第25回,了戒/了戒/太刀　　了戒　　長さ75.15糎　　第25回.jpg
Tachi,Rai,了戒,了戒,75.2,Juyo 29,太刀 了戒 長さ75.2糎 第29回,了戒/了戒/太刀　　了戒　　長さ75.2糎　　第29回.jpg
Tachi,Rai,了戒,了戒,75.7,Juyo 41,太刀 了戒 長さ75.7糎 第41回。,了戒/了戒/太刀　　了戒　　長さ75.7糎　　第41回。.jpg
Tachi,Rai,了戒,了戒,76.4,Juyo 33,太刀 了戒 長さ76.4糎 第33回,了戒/了戒/太刀　　了戒　　長さ76.4糎　　第33回.jpg
Tachi,Rai,了戒,了戒,76.9,Juyo 33,太刀 了戒 長さ76.9糎 第33回。,了戒/了戒/太刀　　了戒　　長さ76.9糎　　第33回。.jpg
Tachi,Rai,了戒,了戒,77.8,Juyo 21,太刀 了戒 長さ77.8糎 第21回,了戒/了戒/太刀　　了戒　　長さ77.8糎　　第21回.jpg
Tachi,Rai,了戒,了戒,77.9,Juyo 21,太刀 了戒 長さ77.9糎 第21回。,了戒/了戒/太刀　　了戒　　長さ77.9糎　　第21回。.jpg
Tachi,Rai,了戒,了戒,81.4,Juyo 24,太刀 了戒 長さ81.4糎 第24回。,了戒/了戒/太刀　　了戒　　長さ81.4糎　　第24回。.jpg
Tachi,Rai,了戒,了戒,85.2,Juyo 19,太刀 了戒 長さ85.2糎 第19回。,了戒/了戒/太刀　　了戒　　長さ85.2糎　　第19回。.jpg
Tachi,Rai,了戒,了戒,85.4,Juyo 17,太刀 了戒 長さ85.4糎 第17回,了戒/了戒/太刀　　了戒　　長さ85.4糎　　第17回.jpg
Tachi,Rai,了戒,応長○（以下不明） 伝了戒,72,Juyo 34,太刀 応長○（以下不明） 伝了戒 長さ72.0糎 第34回,了戒/了戒/太刀　　応長○（以下不明）　伝了戒　　長さ72.0糎　　第34回.jpg
Tachi,Rai,了戒,無銘 （了戒）,75.8,Juyo 14,太刀 無銘 （了戒） 長さ2尺5寸 第14回。,了戒/了戒/太刀　　無銘　（了戒）　　長さ2尺5寸　　第14回。.jpg
Tachi,Rai,了戒,無銘 （了戒）,66.2,Juyo 47,太刀 無銘 （了戒） 長さ66.15糎 第47回,了戒/了戒/太刀　　無銘　（了戒）　　長さ66.15糎　　第47回.jpg
Tachi,Rai,了戒,無銘 （了戒）,71,Juyo 28,太刀 無銘 （了戒） 長さ71.0糎 第28回,了戒/了戒/太刀　　無銘　（了戒）　　長さ71.0糎　　第28回.jpg
Tachi,Rai,了戒,無銘 （了戒）,72.8,Juyo 18,太刀 無銘 （了戒） 長さ72.8糎 第18回,了戒/了戒/太刀　　無銘　（了戒）　　長さ72.8糎　　第18回.jpg
Tachi,Rai,了戒,無銘 （了戒）,73.7,Juyo 26,太刀 無銘 （了戒） 長さ73.7糎 第26回。,了戒/了戒/太刀　　無銘　（了戒）　　長さ73.7糎　　第26回。.jpg
Tachi,Rai,了戒,無銘 （了戒）,74.6,Juyo 42,太刀 無銘 （了戒） 長さ74.6糎 第42回,了戒/了戒/太刀　　無銘　（了戒）　　長さ74.6糎　　第42回.jpg
Tachi,Rai,了戒,無銘 （了戒）,75.3,Juyo 43,太刀 無銘 （了戒） 長さ75.3糎 第43回,了戒/了戒/太刀　　無銘　（了戒）　　長さ75.3糎　　第43回.jpg
Tachi,Rai,了戒,無銘 （了戒）,83.2,Juyo 26,太刀 無銘 （了戒） 長さ83.2糎 第26回,了戒/了戒/太刀　　無銘　（了戒）　　長さ83.2糎　　第26回.jpg
Tachi,Rai,了戒,無銘 （伝了戒）,68.9,Juyo 19,太刀 無銘 （伝了戒） 長さ68.9糎 第19回,了戒/了戒/太刀　　無銘　（伝了戒）　　長さ68.9糎　　第19回.jpg
Tachi,Rai,了戒,無銘 （伝了戒）,71.2,Juyo 45,太刀 無銘 （伝了戒） 長さ71.2糎 第45回,了戒/了戒/太刀　　無銘　（伝了戒）　　長さ71.2糎　　第45回.jpg
Tachi,Rai,了戒,生ぶ無銘 （了戒）,73,Juyo 18,太刀 生ぶ無銘 （了戒） 長さ73.0糎 第18回。,了戒/了戒/太刀　　生ぶ無銘　（了戒）　　長さ73.0糎　　第18回。.jpg
Tachi,Rai,了戒,生ぶ無銘 （了戒）,74.7,Juyo 18,太刀 生ぶ無銘 （了戒） 長さ74.7糎 第18回,了戒/了戒/太刀　　生ぶ無銘　（了戒）　　長さ74.7糎　　第18回.jpg
Tachi,Rai,了戒,生ぶ無銘 （了戒）,74.7,Juyo 23,太刀 生ぶ無銘 （了戒） 長さ74.7糎 第23回,了戒/了戒/太刀　　生ぶ無銘　（了戒）　　長さ74.7糎　　第23回.jpg
Tachi,Rai,了戒,生ぶ無銘 （伝了戒）,68.9,Juyo 11,太刀 生ぶ無銘 （伝了戒） 長さ2尺2寸7分5厘 第11回。,了戒/了戒/太刀　　生ぶ無銘　（伝了戒）　　長さ2尺2寸7分5厘　　第11回。.jpg
Tachi,Rai,了戒,生ぶ無銘 （伝了戒）,71.7,Tokubetsu Juyo 13,太刀 生ぶ無銘 （伝了戒） 長さ71.7糎 第4回・特重第13回伝をとる,了戒/了戒/太刀　　生ぶ無銘　（伝了戒）　長さ71.7糎　第4回・特重第13回伝をとる.jpg
Tachi,Rai,了戒,（銘不明） 伝了戒,76,Juyo 36,太刀 （銘不明） 伝了戒 長さ76.0糎 第36回。,了戒/了戒/太刀　　（銘不明）　伝了戒　　長さ76.0糎　　第36回。.jpg
Tanto,Rai,了戒,了戒,23.4,Juyo 21,短刀 了戒 長さ23.4糎 第21回,了戒/了戒/短刀　　了戒　　長さ23.4糎　　第21回.jpg
Tanto,Rai,了戒,了戒,24.3,Juyo 17,短刀 了戒 長さ24.3糎 第17回。,了戒/了戒/短刀　　了戒　　長さ24.3糎　　第17回。.jpg
Tanto,Rai,了戒,了戒,24.6,Juyo 37,短刀 了戒 長さ24.6糎 第37回。,了戒/了戒/短刀　　了戒　　長さ24.6糎　　第37回。.jpg
Tanto,Rai,了戒,了戒,24.9,Tokubetsu Juyo 14,短刀 了戒 長さ24.9糎 ・特重 第14回。,了戒/了戒/短刀　　了戒　　長さ24.9糎　・特重　第14回。.jpg
Tanto,Rai,了戒,了戒,24.9,Juyo 40,短刀 了戒 長さ24.9糎 ・第40回。,了戒/了戒/短刀　　了戒　　長さ24.9糎　・第40回。.jpg
Tanto,Rai,了戒,了戒,25.4,Juyo 32,短刀 了戒 長さ25.35糎 第32回,了戒/了戒/短刀　　了戒　　長さ25.35糎　　第32回.jpg
Tanto,Rai,了戒,了戒,27,Juyo 21,短刀 了戒 長さ27.0糎 第21回。,了戒/了戒/短刀　　了戒　　長さ27.0糎　　第21回。.jpg
Tanto,Rai,了戒,了戒,27.3,Juyo 18,短刀 了戒 長さ27.3糎 第18回。,了戒/了戒/短刀　　了戒　　長さ27.3糎　　第18回。.jpg
Tanto,Rai,了戒,無銘 （了戒）,22.7,Juyo 35,短刀 無銘 （了戒） 長さ22.7糎 第35回,了戒/了戒/短刀　　無銘　（了戒）　　長さ22.7糎　　第35回.jpg
Tanto,Rai,了戒,無銘 （了戒）,25.2,Juyo 17,短刀 無銘 （了戒） 長さ25.2糎 第17回。,了戒/了戒/短刀　　無銘　（了戒）　　長さ25.2糎　　第17回。.jpg
Tanto,Rai,了戒,無銘 （了戒）,28,Juyo 15,短刀 無銘 （了戒） 長さ28.0糎 第15回。,了戒/了戒/短刀　　無銘　（了戒）　　長さ28.0糎　　第15回。.jpg
Tanto,Rai,了戒,無銘 （了戒）,29.5,Juyo 20,短刀 無銘 （了戒） 長さ29.5糎 第20回。,了戒/了戒/短刀　　無銘　（了戒）　　長さ29.5糎　　第20回。.jpg
Tanto,Rai,了戒,無銘 （伝了戒）,24.6,Juyo 31,短刀 無銘 （伝了戒） 長さ24.6糎 第31回。,了戒/了戒/短刀　　無銘　（伝了戒）　　長さ24.6糎　　第31回。.jpg
Naoshi,Rai,了戒,脇差 無銘 （了戒）,40.6,Juyo 20,薙刀直し脇差 無銘 （了戒） 長さ40.6糎 第20回。,了戒/了戒/薙刀直し脇差　　無銘　（了戒）　　長さ40.6糎　　第20回。.jpg
Katana,Rai,了戒,了戒国行作,63.8,Juyo 23,刀  了戒国行作 長さ63.8糎 第23回,了戒/刀　　　 了戒国行作　　長さ63.8糎　　第23回.jpg
Tanto,Rai,倫国,無銘 （来倫国）,28.9,Juyo 22,短刀 無銘 （来倫国） 長さ28.9糎 第22回。,倫国/短刀　　無銘　（来倫国）　　長さ28.9糎　　第22回。.jpg
Tanto,Rai,倫国,無銘 （来倫国）,30.1,Juyo 35,短刀 無銘 （来倫国） 長さ30.1糎 第35回,倫国/短刀　　無銘　（来倫国）　　長さ30.1糎　　第35回.jpg
Wakizashi,Rai,倫国,来倫国 （朱銘） 本阿 （花押）,31.6,Juyo 19,脇差 来倫国 （朱銘） 本阿 （花押） 長さ31.6糎 第19回。,倫国/脇差　　来倫国　（朱銘）　本阿　（花押）　　長さ31.6糎　　第19回。.jpg
Wakizashi,Rai,倫国,無銘 （来倫国）,32.6,Juyo 23,脇差 無銘 （来倫国） 長さ32.6糎 第23回。,倫国/脇差　　無銘　（来倫国）　　長さ32.6糎　　第23回。.jpg
Katana,Rai,国俊,国俊 （折返銘）,69.3,Juyo 43,刀  国俊 （折返銘） 長さ69.3糎 第43回。,国俊/二字　国俊/刀　　　 国俊　（折返銘）　　長さ69.3糎　　第43回。.jpg
Katana,Rai,国俊,国俊 （朱銘）,69.2,Juyo 40,刀  国俊 （朱銘） 長さ69.2糎 第40回。,国俊/二字　国俊/刀　　　 国俊　（朱銘）　　長さ69.2糎　　第40回。.jpg
Katana,Rai,国俊,国俊 （金粉銘） 所持銘あり,72,Juyo 28,刀  国俊 （金粉銘） 所持銘あり 長さ72.0糎 第28回,国俊/二字　国俊/刀　　　 国俊　（金粉銘）　所持銘あり　　長さ72.0糎　　第28回.jpg
Katana,Rai,国俊,国俊 （金象嵌）,68.8,Juyo 38,刀  国俊 （金象嵌） 長さ68.8糎 第38回。,国俊/二字　国俊/刀　　　 国俊　（金象嵌）　　長さ68.8糎　　第38回。.jpg
Katana,Rai,国俊,無銘 （二字国俊）,63.8,Juyo 35,刀  無銘 （二字国俊） 長さ63.8糎 第35回。,国俊/二字　国俊/刀　　　 無銘　（二字国俊）　　長さ63.8糎　　第35回。.jpg
Katana,Rai,国俊,無銘 （二字国俊）,66.5,Juyo 20,刀  無銘 （二字国俊） 長さ66.5糎 第20回。,国俊/二字　国俊/刀　　　 無銘　（二字国俊）　　長さ66.5糎　　第20回。.jpg
Katana,Rai,国俊,無銘 （二字国俊）,67.4,Juyo 39,刀  無銘 （二字国俊） 長さ67.4糎 第39回。,国俊/二字　国俊/刀　　　 無銘　（二字国俊）　　長さ67.4糎　　第39回。.jpg
Katana,Rai,国俊,無銘 （二字国俊）,67.8,Juyo 47,刀  無銘 （二字国俊） 長さ67.75糎 第47回,国俊/二字　国俊/刀　　　 無銘　（二字国俊）　　長さ67.75糎　　第47回.jpg
Katana,Rai,国俊,無銘 （二字国俊）,68,Juyo 33,刀  無銘 （二字国俊） 長さ67.95糎 第33回,国俊/二字　国俊/刀　　　 無銘　（二字国俊）　　長さ67.95糎　　第33回.jpg
Katana,Rai,国俊,無銘 （二字国俊）,69.6,Tokubetsu Juyo 15,刀  無銘 （二字国俊） 長さ69.6糎 ・特重 第15回,国俊/二字　国俊/刀　　　 無銘　（二字国俊）　　長さ69.6糎　・特重　第15回.jpg
Katana,Rai,国俊,無銘 （二字国俊）,69.6,Juyo 42,刀  無銘 （二字国俊） 長さ69.6糎 ・第42回,国俊/二字　国俊/刀　　　 無銘　（二字国俊）　　長さ69.6糎　・第42回.jpg
Katana,Rai,国俊,無銘 （二字国俊）,70,Juyo 21,刀  無銘 （二字国俊） 長さ70.0糎 第21回。,国俊/二字　国俊/刀　　　 無銘　（二字国俊）　　長さ70.0糎　　第21回。.jpg
Katana,Rai,国俊,無銘 （二字国俊）,70.4,Juyo 15,刀  無銘 （二字国俊） 長さ70.4糎 第15回。,国俊/二字　国俊/刀　　　 無銘　（二字国俊）　　長さ70.4糎　　第15回。.jpg
Katana,Rai,国俊,無銘 （二字国俊）,70.8,Juyo 22,刀  無銘 （二字国俊） 長さ70.8糎 第22回,国俊/二字　国俊/刀　　　 無銘　（二字国俊）　　長さ70.8糎　　第22回.jpg
Katana,Rai,国俊,無銘 （二字国俊）,70.9,Tokubetsu Juyo 3,刀  無銘 （二字国俊） 長さ70.9糎 ・特重 第3回。,国俊/二字　国俊/刀　　　 無銘　（二字国俊）　　長さ70.9糎　・特重　第3回。.jpg
Katana,Rai,国俊,無銘 （二字国俊）,70.9,Juyo 7,刀  無銘 （二字国俊） 長さ70.9糎 ・第7回。伝をとる,国俊/二字　国俊/刀　　　 無銘　（二字国俊）　　長さ70.9糎　・第7回。伝をとる.jpg
Katana,Rai,国俊,無銘 （二字国俊）,70.9,Tokubetsu Juyo 11,刀  無銘 （二字国俊） 長さ70.9糎 ：特重 第11回。,国俊/二字　国俊/刀　　　 無銘　（二字国俊）　　長さ70.9糎　：特重　第11回。.jpg
Katana,Rai,国俊,無銘 （二字国俊）,70.9,Juyo 35,刀  無銘 （二字国俊） 長さ70.9糎 ：第35回。,国俊/二字　国俊/刀　　　 無銘　（二字国俊）　　長さ70.9糎　：第35回。.jpg
Katana,Rai,国俊,無銘 （二字国俊）,71,Juyo 15,刀  無銘 （二字国俊） 長さ71.0糎 第15回。,国俊/二字　国俊/刀　　　 無銘　（二字国俊）　　長さ71.0糎　　第15回。.jpg
Katana,Rai,国俊,無銘 （二字国俊）,71.2,Juyo 20,刀  無銘 （二字国俊） 長さ71.2糎弱 第20回。,国俊/二字　国俊/刀　　　 無銘　（二字国俊）　　長さ71.2糎弱　　第20回。.jpg
Katana,Rai,国俊,無銘 （二字国俊）,71.5,Tokubetsu Juyo 10,刀  無銘 （二字国俊） 長さ71.5糎 ・特重 第10回。,国俊/二字　国俊/刀　　　 無銘　（二字国俊）　　長さ71.5糎　・特重　第10回。.jpg
Katana,Rai,国俊,無銘 （二字国俊）,71.6,Juyo 21,刀  無銘 （二字国俊） 長さ71.6糎 ・第21回。,国俊/二字　国俊/刀　　　 無銘　（二字国俊）　　長さ71.6糎　・第21回。.jpg
Katana,Rai,国俊,無銘 （二字国俊）,71.9,Tokubetsu Juyo 4,刀  無銘 （二字国俊） 長さ71.9糎 ・特重 第4回,国俊/二字　国俊/刀　　　 無銘　（二字国俊）　　長さ71.9糎　・特重　第4回.jpg
Katana,Rai,国俊,無銘 （二字国俊）,71.9,Juyo 2,刀  無銘 （二字国俊） 長さ71.9糎 ・第2回,国俊/二字　国俊/刀　　　 無銘　（二字国俊）　　長さ71.9糎　・第2回.jpg
Katana,Rai,国俊,無銘 （二字国俊）,72.1,Juyo 22,刀  無銘 （二字国俊） 長さ72.1糎 第22回。,国俊/二字　国俊/刀　　　 無銘　（二字国俊）　　長さ72.1糎　　第22回。.jpg
Katana,Rai,国俊,無銘 （二字国俊）,74.1,Juyo 26,刀  無銘 （二字国俊） 長さ74.1糎 ・第26回,国俊/二字　国俊/刀　　　 無銘　（二字国俊）　　長さ74.1糎　・第26回.jpg
Katana,Rai,国俊,無銘 （二字国俊）,74.2,Tokubetsu Juyo 9,刀  無銘 （二字国俊） 長さ74.2糎 ・特重 第9回,国俊/二字　国俊/刀　　　 無銘　（二字国俊）　　長さ74.2糎　・特重　第9回.jpg
Katana,Rai,国俊,無銘 （二字国俊）截断銘（金象嵌）,72,Juyo 22,刀  無銘 （二字国俊）截断銘（金象嵌） 長さ72.0糎 第22回,国俊/二字　国俊/刀　　　 無銘　（二字国俊）截断銘（金象嵌）　　長さ72.0糎　　第22回.jpg
Katana,Rai,国俊,無銘 （伝二字国俊）,65.1,Juyo 6,刀  無銘 （伝二字国俊） 長さ2尺1寸5分強 第6回,国俊/二字　国俊/刀　　　 無銘　（伝二字国俊）　　長さ2尺1寸5分強　　第6回.jpg
Katana,Rai,国俊,無銘 （伝二字国俊）,68.8,Juyo 12,刀  無銘 （伝二字国俊） 長さ2尺2寸7分半 第12回・特重13回,国俊/二字　国俊/刀　　　 無銘　（伝二字国俊）　　長さ2尺2寸7分半　　第12回・特重13回.jpg
Katana,Rai,国俊,無銘 （伝二字国俊）,71.8,Juyo 10,刀  無銘 （伝二字国俊） 長さ2尺3寸7分弱 第10回,国俊/二字　国俊/刀　　　 無銘　（伝二字国俊）　　長さ2尺3寸7分弱　　第10回.jpg
Katana,Rai,国俊,無銘 （伝二字国俊）,64.3,Juyo 23,刀  無銘 （伝二字国俊） 長さ64.25糎 第23回,国俊/二字　国俊/刀　　　 無銘　（伝二字国俊）　　長さ64.25糎　　第23回.jpg
Katana,Rai,国俊,無銘 （伝二字国俊）,66.8,Tokubetsu Juyo 16,刀  無銘 （伝二字国俊） 長さ66.8糎 ・特重 第16回,国俊/二字　国俊/刀　　　 無銘　（伝二字国俊）　　長さ66.8糎　・特重　第16回.jpg
Katana,Rai,国俊,無銘 （伝二字国俊）,66.8,Juyo 13,刀  無銘 （伝二字国俊） 長さ66.8糎 ・第13回,国俊/二字　国俊/刀　　　 無銘　（伝二字国俊）　　長さ66.8糎　・第13回.jpg
Katana,Rai,国俊,無銘 （伝二字国俊）,68.8,Juyo 47,刀  無銘 （伝二字国俊） 長さ68.75糎 第47回,国俊/二字　国俊/刀　　　 無銘　（伝二字国俊）　　長さ68.75糎　　第47回.jpg
Katana,Rai,国俊,無銘 （伝二字国俊）,69.6,Juyo 43,刀  無銘 （伝二字国俊） 長さ69.6糎 第43回。,国俊/二字　国俊/刀　　　 無銘　（伝二字国俊）　　長さ69.6糎　　第43回。.jpg
Katana,Rai,国俊,無銘 （伝二字国俊）,70,Juyo 23,刀  無銘 （伝二字国俊） 長さ70.0糎 第23回。,国俊/二字　国俊/刀　　　 無銘　（伝二字国俊）　　長さ70.0糎　　第23回。.jpg
Katana,Rai,国俊,無銘 （伝二字国俊）,70.8,Juyo 47,刀  無銘 （伝二字国俊） 長さ70.8糎 第47回。,国俊/二字　国俊/刀　　　 無銘　（伝二字国俊）　　長さ70.8糎　　第47回。.jpg
Katana,Rai,国俊,無銘 （伝二字国俊）,71,Juyo 21,刀  無銘 （伝二字国俊） 長さ71.0糎 第21回,国俊/二字　国俊/刀　　　 無銘　（伝二字国俊）　　長さ71.0糎　　第21回.jpg
Katana,Rai,国俊,無銘 （伝二字国俊）,73.2,Juyo 38,刀  無銘 （伝二字国俊） 長さ73.2糎 第38回,国俊/二字　国俊/刀　　　 無銘　（伝二字国俊）　　長さ73.2糎　　第38回.jpg
Katana,Rai,国俊,無銘 （伝二字国俊）,74.8,Juyo 15,刀  無銘 （伝二字国俊） 長さ74.8糎 第15回,国俊/二字　国俊/刀　　　 無銘　（伝二字国俊）　　長さ74.8糎　　第15回.jpg
Katana,Rai,国俊,無銘 （伝国俊）,70.6,Juyo 6,刀  無銘 （伝国俊） 長さ2尺3寸3分強 第6回。,国俊/二字　国俊/刀　　　 無銘　（伝国俊）　　長さ2尺3寸3分強　　第6回。.jpg
Tachi,Rai,国俊,国○ （二字国俊）,74.1,Juyo 37,太刀 国○ （二字国俊） 長さ74.1糎 第37回。,国俊/二字　国俊/太刀　　国○　（二字国俊）　　長さ74.1糎　　第37回。.jpg
Tachi,Rai,国俊,国俊,69.4,Juyo 9,太刀 国俊 長さ2尺2寸9分 第9回,国俊/二字　国俊/太刀　　国俊　　長さ2尺2寸9分　　第9回.jpg
Tachi,Rai,国俊,国俊,69.2,Juyo 19,太刀 国俊 長さ69.2糎 第19回,国俊/二字　国俊/太刀　　国俊　　長さ69.2糎　　第19回.jpg
Tachi,Rai,国俊,国俊,69.8,Tokubetsu Juyo 14,太刀 国俊 長さ69.8糎 ・特重 第14回,国俊/二字　国俊/太刀　　国俊　　長さ69.8糎　・特重　第14回.jpg
Tachi,Rai,国俊,国俊,69.9,Juyo 41,太刀 国俊 長さ69.9糎 ・第41回,国俊/二字　国俊/太刀　　国俊　　長さ69.9糎　・第41回.jpg
Tachi,Rai,国俊,国俊,72.3,Juyo 43,太刀 国俊 長さ72.3糎 第43回,国俊/二字　国俊/太刀　　国俊　　長さ72.3糎　　第43回.jpg
Tachi,Rai,国俊,国俊,75.2,Juyo 42,太刀 国俊 長さ75.2糎 第42回,国俊/二字　国俊/太刀　　国俊　　長さ75.2糎　　第42回.jpg
Tachi,Rai,国俊,国俊,76.5,Juyo 22,太刀 国俊 長さ76.5糎 第22回,国俊/二字　国俊/太刀　　国俊　　長さ76.5糎　　第22回.jpg
Tachi,Rai,国俊,国俊 （朱銘）,64,Tokubetsu Juyo 10,太刀 国俊 （朱銘） 長さ64.0糎 ・特重 第10回。,国俊/二字　国俊/太刀　　国俊　（朱銘）　　長さ64.0糎　・特重　第10回。.jpg
Tachi,Rai,国俊,国俊 （朱銘）,64,Juyo 14,太刀 国俊 （朱銘） 長さ64.0糎 ・第14回。,国俊/二字　国俊/太刀　　国俊　（朱銘）　　長さ64.0糎　・第14回。.jpg
Tachi,Rai,国俊,無銘 （二字国俊）,65.2,Juyo 27,太刀 無銘 （二字国俊） 長さ65.2糎 第27回。,国俊/二字　国俊/太刀　　無銘　（二字国俊）　　長さ65.2糎　　第27回。.jpg
Tachi,Rai,国俊,無銘 （二字国俊）,73.5,Tokubetsu Juyo 17,太刀 無銘 （二字国俊） 長さ73.45糎 ・特重 第17回。,国俊/二字　国俊/太刀　　無銘　（二字国俊）　　長さ73.45糎　・特重　第17回。.jpg
Tachi,Rai,国俊,無銘 （二字国俊）,73.5,Juyo 47,太刀 無銘 （二字国俊） 長さ73.45糎 ・第47回。,国俊/二字　国俊/太刀　　無銘　（二字国俊）　　長さ73.45糎　・第47回。.jpg
Tachi,Rai,国俊,無銘 （二字国俊）,77.2,Juyo 46,太刀 無銘 （二字国俊） 長さ77.2糎 第46回,国俊/二字　国俊/太刀　　無銘　（二字国俊）　　長さ77.2糎　　第46回.jpg
Tachi,Rai,国俊,無銘 （伝二字国俊）弘安二二年（以下不明）,72.4,Juyo 14,太刀 無銘 （伝二字国俊）弘安二二年（以下不明） 長さ2尺3寸9分 第14回。,国俊/二字　国俊/太刀　　無銘　（伝二字国俊）弘安二二年（以下不明）　長さ2尺3寸9分　第14回。.jpg
Wakizashi,Rai,国俊,国俊 （朱銘）,51.4,Juyo 16,脇差 国俊 （朱銘） 長さ51.4糎 第16回,国俊/二字　国俊/脇差　　国俊　（朱銘）　　長さ51.4糎　　第16回.jpg
Wakizashi,Rai,国俊,国俊 （朱銘） 本阿 （花押）,54.1,Juyo 19,脇差 国俊 （朱銘） 本阿 （花押） 長さ54.1糎弱 第19回。,国俊/二字　国俊/脇差　　国俊　（朱銘）　本阿　（花押）　　長さ54.1糎弱　　第19回。.jpg
Wakizashi,Rai,国俊,国俊 （金象嵌）,54.8,Juyo 19,脇差 国俊 （金象嵌） 長さ54.8糎 第19回。,国俊/二字　国俊/脇差　　国俊　（金象嵌）　　長さ54.8糎　　第19回。.jpg
Wakizashi,Rai,国俊,無銘 （二字国俊）,41.7,Juyo 46,脇差 無銘 （二字国俊） 長さ41.7糎 第46回。,国俊/二字　国俊/脇差　　無銘　（二字国俊）　　長さ41.7糎　　第46回。.jpg
Wakizashi,Rai,国俊,無銘 （二字国俊）,54.2,Juyo 25,脇差 無銘 （二字国俊） 長さ54.2糎 第25回。,国俊/二字　国俊/脇差　　無銘　（二字国俊）　　長さ54.2糎　　第25回。.jpg
Wakizashi,Rai,国俊,無銘 （二字国俊）,54.2,Juyo 44,脇差 無銘 （二字国俊） 長さ54.2糎 第44回,国俊/二字　国俊/脇差　　無銘　（二字国俊）　　長さ54.2糎　　第44回.jpg
Wakizashi,Rai,国俊,無銘 （伝二字国俊）,48.4,Juyo 23,脇差 無銘 （伝二字国俊） 長さ48.4糎 第23回。,国俊/二字　国俊/脇差　　無銘　（伝二字国俊）　　長さ48.4糎　　第23回。.jpg
Wakizashi,Rai,国俊,無銘 （伝二字国俊）,51.2,Juyo 24,脇差 無銘 （伝二字国俊） 長さ51.2糎 第24回。,国俊/二字　国俊/脇差　　無銘　（伝二字国俊）　　長さ51.2糎　　第24回。.jpg
Katana,Rai,国俊,国俊 （額銘） 来国俊,68.2,Juyo 12,刀  国俊 （額銘） 来国俊 長さ2尺2寸5分 第12回,国俊/刀　　　 国俊　（額銘）　来国俊　　長さ2尺2寸5分　　第12回.jpg
Katana,Rai,国俊,来国○ （国俊） （折返銘）,70.1,Juyo 42,刀  来国○ （国俊） （折返銘） 長さ70.1糎 第42回,国俊/刀　　　 来国○　（国俊）　（折返銘）　　長さ70.1糎　　第42回.jpg
Katana,Rai,国俊,来国俊,73.7,Juyo 15,刀  来国俊 長さ73.7糎 第15回,国俊/刀　　　 来国俊　　長さ73.7糎　　第15回.jpg
Katana,Rai,国俊,来国俊 （折返銘）,70,Juyo 12,刀  来国俊 （折返銘） 長さ2尺3寸1分 第12回,国俊/刀　　　 来国俊　（折返銘）　　長さ2尺3寸1分　　第12回.jpg
Katana,Rai,国俊,来国俊 （折返銘）,76.2,Tokubetsu Juyo 13,刀  来国俊 （折返銘） 長さ2尺5寸1分5厘 第7回・特重第13回,国俊/刀　　　 来国俊　（折返銘）　　長さ2尺5寸1分5厘　第7回・特重第13回.jpg
Katana,Rai,国俊,来国俊 （折返銘） 所持銘(金象嵌）,66.2,Tokubetsu Juyo 14,刀  来国俊 （折返銘） 所持銘(金象嵌） 長さ66.2糎 ・特重 第14回。,国俊/刀　　　 来国俊　（折返銘）　所持銘(金象嵌）　　長さ66.2糎　・特重　第14回。.jpg
Katana,Rai,国俊,来国俊 （折返銘） 所持銘（金象嵌）,66.2,Juyo 36,刀  来国俊 （折返銘） 所持銘（金象嵌） 長さ66.2糎 ・第36回。,国俊/刀　　　 来国俊　（折返銘）　所持銘（金象嵌）　　長さ66.2糎　・第36回。.jpg
Katana,Rai,国俊,来国俊 （金象嵌）,62.2,Juyo 22,刀  来国俊 （金象嵌） 長さ62.2糎 第22回。,国俊/刀　　　 来国俊　（金象嵌）　　長さ62.2糎　　第22回。.jpg
Katana,Rai,国俊,来国俊 （金象嵌）,68.8,Juyo 20,刀  来国俊 （金象嵌） 長さ68.8糎 第20回,国俊/刀　　　 来国俊　（金象嵌）　　長さ68.8糎　　第20回.jpg
Katana,Rai,国俊,来国俊 （金象嵌） 本阿 （花押）,70,Juyo 15,刀  来国俊 （金象嵌） 本阿 （花押） 長さ70.0糎 第15回,国俊/刀　　　 来国俊　（金象嵌）　本阿　（花押）　　長さ70.0糎　　第15回.jpg
Katana,Rai,国俊,来国俊 （金象嵌） 本阿 （花押）,74.2,Juyo 40,刀  来国俊 （金象嵌） 本阿 （花押） 長さ74.2糎 第40回。,国俊/刀　　　 来国俊　（金象嵌）　本阿　（花押）　　長さ74.2糎　　第40回。.jpg
Katana,Rai,国俊,来国俊 （金象嵌） 薫山 （花押）,75.7,Juyo 21,刀  来国俊 （金象嵌） 薫山 （花押） 長さ75.7糎 第21回,国俊/刀　　　 来国俊　（金象嵌）　薫山　（花押）　　長さ75.7糎　　第21回.jpg
Katana,Rai,国俊,来国俊と金象嵌銘がある 成重 （花押）,70.5,Juyo 18,刀  来国俊と金象嵌銘がある 成重 （花押） 長さ70.5糎 第18回。,国俊/刀　　　 来国俊と金象嵌銘がある　成重　（花押）　長さ70.5糎　第18回。.jpg
Katana,Rai,国俊,来国俊と額銘がある,72.7,Juyo 14,刀  来国俊と額銘がある 長さ2尺4寸 第14回。,国俊/刀　　　 来国俊と額銘がある　　長さ2尺4寸　　第14回。.jpg
Katana,Rai,国俊,無銘 （伝来国俊）,70.4,Juyo 11,刀  無銘 （伝来国俊） 長さ2尺3寸2分5厘 第11回,国俊/刀　　　 無銘　（伝来国俊）　　長さ2尺3寸2分5厘　　第11回.jpg
Katana,Rai,国俊,無銘 （伝来国俊）,70.6,Juyo 11,刀  無銘 （伝来国俊） 長さ2尺3寸3分 第11回,国俊/刀　　　 無銘　（伝来国俊）　　長さ2尺3寸3分　　第11回.jpg
Katana,Rai,国俊,無銘 （伝来国俊）,69.7,Juyo 12,刀  無銘 （伝来国俊） 長さ2尺3寸 第12回,国俊/刀　　　 無銘　（伝来国俊）　　長さ2尺3寸　　第12回.jpg
Katana,Rai,国俊,無銘 （伝来国俊）,66.1,Juyo 47,刀  無銘 （伝来国俊） 長さ66.1糎 第47回,国俊/刀　　　 無銘　（伝来国俊）　　長さ66.1糎　　第47回.jpg
Katana,Rai,国俊,無銘 （伝来国俊）,69.4,Juyo 37,刀  無銘 （伝来国俊） 長さ69.4糎 第37回。,国俊/刀　　　 無銘　（伝来国俊）　　長さ69.4糎　　第37回。.jpg
Katana,Rai,国俊,無銘 （伝来国俊）,69.8,Juyo 29,刀  無銘 （伝来国俊） 長さ69.8糎 第29回。,国俊/刀　　　 無銘　（伝来国俊）　　長さ69.8糎　　第29回。.jpg
Katana,Rai,国俊,無銘 （伝来国俊）,72.5,Juyo 18,刀  無銘 （伝来国俊） 長さ72.5糎 第18回。,国俊/刀　　　 無銘　（伝来国俊）　　長さ72.5糎　　第18回。.jpg
Katana,Rai,国俊,無銘 （伝来国俊）,72.6,Juyo 25,刀  無銘 （伝来国俊） 長さ72.6糎 第25回,国俊/刀　　　 無銘　（伝来国俊）　　長さ72.6糎　　第25回.jpg
Katana,Rai,国俊,無銘 （伝来国俊） 截断銘（金象嵌）,72.3,Juyo 18,刀  無銘 （伝来国俊） 截断銘（金象嵌） 長さ72.3糎 第18回,国俊/刀　　　 無銘　（伝来国俊）　截断銘（金象嵌）　　長さ72.3糎　　第18回.jpg
Katana,Rai,国俊,無銘 （来国俊）,69.4,Juyo 13,刀  無銘 （来国俊） 長さ2尺2寸9分半 第13回。,国俊/刀　　　 無銘　（来国俊）　　長さ2尺2寸9分半　　第13回。.jpg
Katana,Rai,国俊,無銘 （来国俊）,71.8,Juyo 13,刀  無銘 （来国俊） 長さ2尺3寸7分半 第13回,国俊/刀　　　 無銘　（来国俊）　　長さ2尺3寸7分半　　第13回.jpg
Katana,Rai,国俊,無銘 （来国俊）,73.3,Juyo 6,刀  無銘 （来国俊） 長さ2尺4寸2分 第6回,国俊/刀　　　 無銘　（来国俊）　　長さ2尺4寸2分　　第6回.jpg
Katana,Rai,国俊,無銘 （来国俊）,68.4,Juyo 26,刀  無銘 （来国俊） 長さ68.4糎 第26回。,国俊/刀　　　 無銘　（来国俊）　　長さ68.4糎　　第26回。.jpg
Katana,Rai,国俊,無銘 （来国俊）,69,Juyo 47,刀  無銘 （来国俊） 長さ69.0糎 第47回。,国俊/刀　　　 無銘　（来国俊）　　長さ69.0糎　　第47回。.jpg
Katana,Rai,国俊,無銘 （来国俊）,70,Juyo 43,刀  無銘 （来国俊） 長さ70.0糎 第43回,国俊/刀　　　 無銘　（来国俊）　　長さ70.0糎　　第43回.jpg
Katana,Rai,国俊,無銘 （来国俊）,72,Juyo 24,刀  無銘 （来国俊） 長さ72.0糎 ・第24回,国俊/刀　　　 無銘　（来国俊）　　長さ72.0糎　・第24回.jpg
Katana,Rai,国俊,無銘 （来国俊）,72.2,Tokubetsu Juyo 5,刀  無銘 （来国俊） 長さ72.2糎 ・特重 第5回,国俊/刀　　　 無銘　（来国俊）　　長さ72.2糎　・特重　第5回.jpg
Tachi,Rai,国俊,来国俊,73.3,Juyo 1,太刀 来国俊 長さ2尺4寸2分 第1回,国俊/太刀　　来国俊　　長さ2尺4寸2分　　第1回.jpg
Tachi,Rai,国俊,来国俊,74.2,Juyo 12,太刀 来国俊 長さ2尺4寸5分半 第12回,国俊/太刀　　来国俊　　長さ2尺4寸5分半　　第12回.jpg
Tachi,Rai,国俊,来国俊,79.4,Juyo 2,太刀 来国俊 長さ2尺6寸2分 第2回,国俊/太刀　　来国俊　　長さ2尺6寸2分　　第2回.jpg
Tachi,Rai,国俊,来国俊,67.7,Juyo 15,太刀 来国俊 長さ67.7糎 第15回。,国俊/太刀　　来国俊　　長さ67.7糎　　第15回。.jpg
Tachi,Rai,国俊,来国俊,68.4,Juyo 17,太刀 来国俊 長さ68.4糎 第17回,国俊/太刀　　来国俊　　長さ68.4糎　　第17回.jpg
Tachi,Rai,国俊,来国俊,70,Juyo 21,太刀 来国俊 長さ70.0糎 第21回,国俊/太刀　　来国俊　　長さ70.0糎　　第21回.jpg
Tachi,Rai,国俊,来国俊,70,Juyo 46,太刀 来国俊 長さ70.0糎 第46回,国俊/太刀　　来国俊　　長さ70.0糎　　第46回.jpg
Tachi,Rai,国俊,来国俊,70.3,Juyo 37,太刀 来国俊 長さ70.3糎 第37回,国俊/太刀　　来国俊　　長さ70.3糎　　第37回.jpg
Tachi,Rai,国俊,来国俊,70.9,Juyo 25,太刀 来国俊 長さ70.9糎 第25回。,国俊/太刀　　来国俊　　長さ70.9糎　　第25回。.jpg
Tachi,Rai,国俊,来国俊,71.7,Juyo 24,太刀 来国俊 長さ71.7糎 第24回。,国俊/太刀　　来国俊　　長さ71.7糎　　第24回。.jpg
Tachi,Rai,国俊,来国俊,74,Tokubetsu Juyo 3,太刀 来国俊 長さ74.0糎 ・特重 第3回,国俊/太刀　　来国俊　　長さ74.0糎　・特重　第3回.jpg
Tachi,Rai,国俊,来国俊,74,Juyo 18,太刀 来国俊 長さ74.0糎 ・第18回,国俊/太刀　　来国俊　　長さ74.0糎　・第18回.jpg
Tachi,Rai,国俊,来国俊,74.6,Juyo 22,太刀 来国俊 長さ74.6糎 第22回。,国俊/太刀　　来国俊　　長さ74.6糎　　第22回。.jpg
Tachi,Rai,国俊,来国俊,74.7,Tokubetsu Juyo 10,太刀 来国俊 長さ74.7糎 ・特重 第10回,国俊/太刀　　来国俊　　長さ74.7糎　・特重　第10回.jpg
Tachi,Rai,国俊,来国俊,74.7,Juyo 15,太刀 来国俊 長さ74.7糎 ・第15回,国俊/太刀　　来国俊　　長さ74.7糎　・第15回.jpg
Tachi,Rai,国俊,来国俊,74.8,Juyo 27,太刀 来国俊 長さ74.8糎 第27回,国俊/太刀　　来国俊　　長さ74.8糎　　第27回.jpg
Tachi,Rai,国俊,来国俊,74.8,Juyo 34,太刀 来国俊 長さ74.8糎 第34回。,国俊/太刀　　来国俊　　長さ74.8糎　　第34回。.jpg
Tachi,Rai,国俊,来国俊,75.2,Juyo 43,太刀 来国俊 長さ75.2糎 第43回,国俊/太刀　　来国俊　　長さ75.2糎　　第43回.jpg
Tachi,Rai,国俊,来源国俊,64.1,Juyo 31,太刀 来源国俊 長さ64.1糎 第31回,国俊/太刀　　来源国俊　　長さ64.1糎　　第31回.jpg
Tachi,Rai,国俊,来源国俊,73.9,Tokubetsu Juyo 15,太刀 来源国俊 長さ73.9糎 ・特重 第15回。,国俊/太刀　　来源国俊　　長さ73.9糎　・特重　第15回。.jpg
Tachi,Rai,国俊,来源国俊,73.9,Juyo 43,太刀 来源国俊 長さ73.9糎 ・第43回。,国俊/太刀　　来源国俊　　長さ73.9糎　・第43回。.jpg
Tachi,Rai,国俊,来（以下切れ） 国俊,69,Juyo 44,太刀 来（以下切れ） 国俊 長さ68.95糎 第44回,国俊/太刀　　来（以下切れ）　国俊　　長さ68.95糎　　第44回.jpg
Tachi,Rai,国俊,無銘 （伝来国俊）,77.3,Juyo 10,太刀 無銘 （伝来国俊） 長さ2尺5寸5分弱 第10回,国俊/太刀　　無銘　（伝来国俊）　　長さ2尺5寸5分弱　　第10回.jpg
Kodachi,Rai,国俊,来国俊,38.1,Juyo 30,小太刀 来国俊 長さ38.1糎 第30回,国俊/小太刀　　来国俊　　長さ38.1糎　　第30回.jpg
Kodachi,Rai,国俊,来国俊,59.8,Juyo 41,小太刀 来国俊 長さ59.8糎 第41回,国俊/小太刀　　来国俊　　長さ59.8糎　　第41回.jpg
Kodachi,Rai,国俊,来国俊,63,Juyo 39,小太刀 来国俊 長さ63.0糎 第39回。,国俊/小太刀　　来国俊　　長さ63.0糎　　第39回。.jpg
Kodachi,Rai,国俊,無銘 （来国俊）,51.1,Juyo 45,小太刀 無銘 （来国俊） 長さ51.1糎 第45回,国俊/小太刀　　無銘　（来国俊）　　長さ51.1糎　　第45回.jpg
Tanto,Rai,国俊,来国俊,19.6,Juyo 25,短刀 来国俊 長さ19.6糎 第25回。,国俊/短刀　　来国俊　　長さ19.6糎　　第25回。.jpg
Tanto,Rai,国俊,来国俊,21.4,Juyo 25,短刀 来国俊 長さ21.4糎 第25回,国俊/短刀　　来国俊　　長さ21.4糎　　第25回.jpg
Tanto,Rai,国俊,来国俊,22.2,Juyo 28,短刀 来国俊 長さ22.2糎 第28回。,国俊/短刀　　来国俊　　長さ22.2糎　　第28回。.jpg
Tanto,Rai,国俊,来国俊,22.4,Juyo 31,短刀 来国俊 長さ22.4糎 第31回,国俊/短刀　　来国俊　　長さ22.4糎　　第31回.jpg
Tanto,Rai,国俊,来国俊,22.8,Juyo 26,短刀 来国俊 長さ22.8糎 第26回,国俊/短刀　　来国俊　　長さ22.8糎　　第26回.jpg
Tanto,Rai,国俊,来国俊,22.8,Juyo 44,短刀 来国俊 長さ22.8糎 第44回。,国俊/短刀　　来国俊　　長さ22.8糎　　第44回。.jpg
Tanto,Rai,国俊,来国俊,23.3,Juyo 36,短刀 来国俊 長さ23.3糎 第36回,国俊/短刀　　来国俊　　長さ23.3糎　　第36回.jpg
Tanto,Rai,国俊,来国俊,23.3,Juyo 36,短刀 来国俊 長さ23.3糎 第36回。,国俊/短刀　　来国俊　　長さ23.3糎　　第36回。.jpg
Tanto,Rai,国俊,来国俊,23.3,Juyo 39,短刀 来国俊 長さ23.3糎 第39回。,国俊/短刀　　来国俊　　長さ23.3糎　　第39回。.jpg
Tanto,Rai,国俊,来国俊,23.4,Juyo 19,短刀 来国俊 長さ23.4糎 第19回。,国俊/短刀　　来国俊　　長さ23.4糎　　第19回。.jpg
Tanto,Rai,国俊,来国俊,23.4,Juyo 30,短刀 来国俊 長さ23.4糎 第30回,国俊/短刀　　来国俊　　長さ23.4糎　　第30回.jpg
Tanto,Rai,国俊,来国俊,23.5,Juyo 21,短刀 来国俊 長さ23.5糎 第21回,国俊/短刀　　来国俊　　長さ23.5糎　　第21回.jpg
Tanto,Rai,国俊,来国俊,23.6,Juyo 20,短刀 来国俊 長さ23.6糎 第20回,国俊/短刀　　来国俊　　長さ23.6糎　　第20回.jpg
Tanto,Rai,国俊,来国俊,23.6,Juyo 20,短刀 来国俊 長さ23.6糎 第20回。,国俊/短刀　　来国俊　　長さ23.6糎　　第20回。.jpg
Tanto,Rai,国俊,来国俊,23.6,Juyo 38,短刀 来国俊 長さ23.6糎 第38回。,国俊/短刀　　来国俊　　長さ23.6糎　　第38回。.jpg
Tanto,Rai,国俊,来国俊,23.7,Juyo 33,短刀 来国俊 長さ23.7糎 第33回,国俊/短刀　　来国俊　　長さ23.7糎　　第33回.jpg
Tanto,Rai,国俊,来国俊,23.9,Juyo 38,短刀 来国俊 長さ23.9糎 第38回。,国俊/短刀　　来国俊　　長さ23.9糎　　第38回。.jpg
Tanto,Rai,国俊,来国俊,23.9,Juyo 43,短刀 来国俊 長さ23.9糎 第43回。,国俊/短刀　　来国俊　　長さ23.9糎　　第43回。.jpg
Tanto,Rai,国俊,来国俊,24,Juyo 26,短刀 来国俊 長さ24.0糎 第26回。,国俊/短刀　　来国俊　　長さ24.0糎　　第26回。.jpg
Tanto,Rai,国俊,来国俊,24.1,Juyo 24,短刀 来国俊 長さ24.1糎 第24回,国俊/短刀　　来国俊　　長さ24.1糎　　第24回.jpg
Tanto,Rai,国俊,来国俊,24.1,Juyo 29,短刀 来国俊 長さ24.1糎 第29回。,国俊/短刀　　来国俊　　長さ24.1糎　　第29回。.jpg
Tanto,Rai,国俊,来国俊,24.2,Tokubetsu Juyo 15,短刀 来国俊 長さ24.2糎 ・特重 第15回,国俊/短刀　　来国俊　　長さ24.2糎　・特重　第15回.jpg
Tanto,Rai,国俊,来国俊,24.2,Juyo 41,短刀 来国俊 長さ24.2糎 ・第41回,国俊/短刀　　来国俊　　長さ24.2糎　・第41回.jpg
Tanto,Rai,国俊,来国俊,24.4,Juyo 18,短刀 来国俊 長さ24.4糎 第18回,国俊/短刀　　来国俊　　長さ24.4糎　　第18回.jpg
Tanto,Rai,国俊,来国俊,24.4,Juyo 19,短刀 来国俊 長さ24.4糎 第19回,国俊/短刀　　来国俊　　長さ24.4糎　　第19回.jpg
Tanto,Rai,国俊,来国俊,24.6,Juyo 23,短刀 来国俊 長さ24.6糎 第23回,国俊/短刀　　来国俊　　長さ24.6糎　　第23回.jpg
Tanto,Rai,国俊,来国俊,24.6,Juyo 35,短刀 来国俊 長さ24.6糎 第35回。,国俊/短刀　　来国俊　　長さ24.6糎　　第35回。.jpg
Tanto,Rai,国俊,来国俊,24.7,Juyo 43,短刀 来国俊 長さ24.7糎 第43回。,国俊/短刀　　来国俊　　長さ24.7糎　　第43回。.jpg
Tanto,Rai,国俊,来国俊,24.8,Juyo 15,短刀 来国俊 長さ24.8糎 第15回,国俊/短刀　　来国俊　　長さ24.8糎　　第15回.jpg
Tanto,Rai,国俊,来国俊,24.8,Juyo 23,短刀 来国俊 長さ24.8糎 第23回。,国俊/短刀　　来国俊　　長さ24.8糎　　第23回。.jpg
Tanto,Rai,国俊,来国俊,24.9,Juyo 28,短刀 来国俊 長さ24.9糎 第28回,国俊/短刀　　来国俊　　長さ24.9糎　　第28回.jpg
Tanto,Rai,国俊,来国俊,25,Juyo 23,短刀 来国俊 長さ25.0糎 第23回,国俊/短刀　　来国俊　　長さ25.0糎　　第23回.jpg
Tanto,Rai,国俊,来国俊,25,Juyo 25,短刀 来国俊 長さ25.0糎 第25回,国俊/短刀　　来国俊　　長さ25.0糎　　第25回.jpg
Tanto,Rai,国俊,来国俊,25.3,Juyo 26,短刀 来国俊 長さ25.3糎 第26回。,国俊/短刀　　来国俊　　長さ25.3糎　　第26回。.jpg
Tanto,Rai,国俊,来国俊,25.4,Juyo 26,短刀 来国俊 長さ25.4糎 第26回。,国俊/短刀　　来国俊　　長さ25.4糎　　第26回。.jpg
Tanto,Rai,国俊,来国俊,25.4,Juyo 44,短刀 来国俊 長さ25.4糎 第44回。,国俊/短刀　　来国俊　　長さ25.4糎　　第44回。.jpg
Tanto,Rai,国俊,来国俊,25.7,Juyo 20,短刀 来国俊 長さ25.7糎 第20回,国俊/短刀　　来国俊　　長さ25.7糎　　第20回.jpg
Tanto,Rai,国俊,来国俊,25.8,Juyo 25,短刀 来国俊 長さ25.8糎 第25回。,国俊/短刀　　来国俊　　長さ25.8糎　　第25回。.jpg
Tanto,Rai,国俊,来国俊,26,Juyo 15,短刀 来国俊 長さ26.0糎 第15回。,国俊/短刀　　来国俊　　長さ26.0糎　　第15回。.jpg
Tanto,Rai,国俊,来国俊,26,Juyo 22,短刀 来国俊 長さ26.0糎 第22回,国俊/短刀　　来国俊　　長さ26.0糎　　第22回.jpg
Tanto,Rai,国俊,来国俊,26,Juyo 32,短刀 来国俊 長さ26.0糎 第32回,国俊/短刀　　来国俊　　長さ26.0糎　　第32回.jpg
Tanto,Rai,国俊,来国俊,26.3,Juyo 30,短刀 来国俊 長さ26.3糎 第30回。,国俊/短刀　　来国俊　　長さ26.3糎　　第30回。.jpg
Tanto,Rai,国俊,来国俊,26.6,Juyo 30,短刀 来国俊 長さ26.6糎 第30回,国俊/短刀　　来国俊　　長さ26.6糎　　第30回.jpg
Tanto,Rai,国俊,来国俊,27.2,Juyo 30,短刀 来国俊 長さ27.2糎 第30回,国俊/短刀　　来国俊　　長さ27.2糎　　第30回.jpg
Tanto,Rai,国俊,来国俊,27.6,Juyo 45,短刀 来国俊 長さ27.6糎 第45回,国俊/短刀　　来国俊　　長さ27.6糎　　第45回.jpg
Tanto,Rai,国俊,来国俊,27.7,Tokubetsu Juyo 8,短刀 来国俊 長さ27.7糎 ・特重 第8回,国俊/短刀　　来国俊　　長さ27.7糎　・特重　第8回.jpg
Tanto,Rai,国俊,来国俊,27.7,Juyo 26,短刀 来国俊 長さ27.7糎 ・第26回,国俊/短刀　　来国俊　　長さ27.7糎　・第26回.jpg
Tanto,Rai,国俊,来国俊,28,Juyo 15,短刀 来国俊 長さ28.0糎 第15回。,国俊/短刀　　来国俊　　長さ28.0糎　　第15回。.jpg
Tanto,Rai,国俊,来国俊,28.1,Juyo 46,短刀 来国俊 長さ28.1糎 第46回。,国俊/短刀　　来国俊　　長さ28.1糎　　第46回。.jpg
Tanto,Rai,国俊,来国俊,28.8,Tokubetsu Juyo 11,短刀 来国俊 長さ28.75糎 ・特重 第11回,国俊/短刀　　来国俊　　長さ28.75糎　・特重　第11回.jpg
Tanto,Rai,国俊,来国俊,28.8,Juyo 34,短刀 来国俊 長さ28.8糎 ・第34回,国俊/短刀　　来国俊　　長さ28.8糎　・第34回.jpg
Tanto,Rai,国俊,来国俊,29.7,Tokubetsu Juyo 16,短刀 来国俊 長さ29.7糎 ・特重 第16回。,国俊/短刀　　来国俊　　長さ29.7糎　・特重　第16回。.jpg
Tanto,Rai,国俊,来国俊,29.7,Juyo 44,短刀 来国俊 長さ29.7糎 ・第44回。,国俊/短刀　　来国俊　　長さ29.7糎　・第44回。.jpg
Tanto,Rai,国俊,来国俊,22.1,Juyo 2,短刀 来国俊 長さ7寸3分 第2回,国俊/短刀　　来国俊　　長さ7寸3分　　第2回.jpg
Tanto,Rai,国俊,来国俊,23.3,Juyo 12,短刀 来国俊 長さ7寸7分 第12回。,国俊/短刀　　来国俊　　長さ7寸7分　　第12回。.jpg
Tanto,Rai,国俊,来国俊,23.9,Juyo 12,短刀 来国俊 長さ7寸9分半 第12回,国俊/短刀　　来国俊　　長さ7寸9分半　　第12回.jpg
Tanto,Rai,国俊,来国俊,24.5,Juyo 8,短刀 来国俊 長さ8寸1分半 第8回。,国俊/短刀　　来国俊　　長さ8寸1分半　　第8回。.jpg
Tanto,Rai,国俊,来国俊,25.8,Juyo 14,短刀 来国俊 長さ8寸5分 第14回。,国俊/短刀　　来国俊　　長さ8寸5分　　第14回。.jpg
Tanto,Rai,国俊,来国俊,24.2,Juyo 12,短刀 来国俊 長さ8寸余 第12回,国俊/短刀　　来国俊　　長さ8寸余　　第12回.jpg
Tanto,Rai,国俊,来国俊,27.9,Juyo 6,短刀 来国俊 長さ9寸2分 第6回。,国俊/短刀　　来国俊　　長さ9寸2分　　第6回。.jpg
Tanto,Rai,国俊,来国俊 （朱銘）,23.9,Juyo 28,短刀 来国俊 （朱銘） 長さ23.9糎 第28回。,国俊/短刀　　来国俊　（朱銘）　　長さ23.9糎　　第28回。.jpg
Tanto,Rai,国俊,来国俊 （朱銘）,28.2,Juyo 11,短刀 来国俊 （朱銘） 長さ9寸3分強 第11回。,国俊/短刀　　来国俊　（朱銘）　　長さ9寸3分強　　第11回。.jpg
Tanto,Rai,国俊,来国俊 （朱銘） 本阿 （花押）,26.6,Tokubetsu Juyo 17,短刀 来国俊 （朱銘） 本阿 （花押） 長さ26.6糎 ・特重 第17回。,国俊/短刀　　来国俊　（朱銘）　本阿　（花押）　長さ26.6糎　・特重　第17回。.jpg
Tanto,Rai,国俊,来国俊 （朱銘） 本阿 （花押）,26.7,Juyo 27,短刀 来国俊 （朱銘） 本阿 （花押） 長さ26.7糎 ・第27回。,国俊/短刀　　来国俊　（朱銘）　本阿　（花押）　長さ26.7糎　・第27回。.jpg
Tanto,Rai,国俊,来国（以下切れ） 来国俊,25.4,Juyo 34,短刀 来国（以下切れ） 来国俊 長さ25.35糎 第34回,国俊/短刀　　来国（以下切れ）　来国俊　　長さ25.35糎　　第34回.jpg
Tanto,Rai,国俊,来国（以下切れ） 来国俊,27.4,Juyo 17,短刀 来国（以下切れ） 来国俊 長さ27.4糎 第17回。,国俊/短刀　　来国（以下切れ）　来国俊　　長さ27.4糎　　第17回。.jpg
Tanto,Rai,国俊,無銘 （来国俊）,27,Juyo 44,短刀 無銘 （来国俊） 長さ27.0糎 第44回,国俊/短刀　　無銘　（来国俊）　　長さ27.0糎　　第44回.jpg
Tanto,Rai,国俊,無銘 （来国俊）,27.5,Juyo 42,短刀 無銘 （来国俊） 長さ27.5糎 第42回,国俊/短刀　　無銘　（来国俊）　　長さ27.5糎　　第42回.jpg
Tanto,Rai,国俊,無銘 （来国俊）,30.2,Juyo 17,短刀 無銘 （来国俊） 長さ30.2糎 第17回。,国俊/短刀　　無銘　（来国俊）　　長さ30.2糎　　第17回。.jpg
Tanto,Rai,国俊,生ぶ無銘 （伝来国俊）,26.5,Juyo 11,短刀 生ぶ無銘 （伝来国俊） 長さ8寸7分5厘 第11回。,国俊/短刀　　生ぶ無銘　（伝来国俊）　　長さ8寸7分5厘　　第11回。.jpg
Wakizashi,Rai,国俊,来国俊 （金象嵌） 本阿 （花押）,46.9,Juyo 35,脇差 来国俊 （金象嵌） 本阿 （花押） 長さ46.9糎 第35回,国俊/脇差　　来国俊　（金象嵌）　本阿　（花押）　　長さ46.9糎　　第35回.jpg
Wakizashi,Rai,国俊,無銘 （来国俊）,50,Juyo 26,脇差 無銘 （来国俊） 長さ50.0糎 第26回,国俊/脇差　　無銘　（来国俊）　　長さ50.0糎　　第26回.jpg
Naoshi,Rai,国俊,脇差 来源国俊,43.3,Juyo 31,薙刀直し脇差 来源国俊 長さ43.3糎 第31回。,国俊/薙刀直し脇差　　来源国俊　　長さ43.3糎　　第31回。.jpg
Naoshi,Rai,国俊,脇差 無銘 （来国俊）,48.2,Juyo 11,薙刀直し脇差 無銘 （来国俊） 長さ1尺5寸9分 第11回。,国俊/薙刀直し脇差　　無銘　（来国俊）　　長さ1尺5寸9分　　第11回。.jpg
Katana,Rai,国光,スリ上 来国光（金象嵌）,60.2,Juyo 35,刀  スリ上 来国光（金象嵌） 長さ60.2糎 第35回。,国光/刀　　　 スリ上　　来国光（金象嵌）　　長さ60.2糎　　第35回。.jpg
Katana,Rai,国光,上来国光 （磨上銘）,71.8,Juyo 3,刀  上来国光 （磨上銘） 長さ2尺3寸7分 第3回。,国光/刀　　　 上来国光　（磨上銘）　　長さ2尺3寸7分　　第3回。.jpg
Katana,Rai,国光,来国光 （折返銘）,71.4,Juyo 19,刀  来国光 （折返銘） 長さ71.4糎 第19回。,国光/刀　　　 来国光　（折返銘）　　長さ71.4糎　　第19回。.jpg
Katana,Rai,国光,来国光 （折返銘）,75.2,Juyo 15,刀  来国光 （折返銘） 長さ75.2糎 第15回。,国光/刀　　　 来国光　（折返銘）　　長さ75.2糎　　第15回。.jpg
Katana,Rai,国光,来国光 （朱銘）,68.5,Tokubetsu Juyo 14,刀  来国光 （朱銘） 長さ68.5糎 ・特重 第14回。,国光/刀　　　 来国光　（朱銘）　　長さ68.5糎　・特重　第14回。.jpg
Katana,Rai,国光,来国光 （朱銘）,68.5,Juyo 6,刀  来国光 （朱銘） 長さ68.5糎 ・第6回。,国光/刀　　　 来国光　（朱銘）　　長さ68.5糎　・第6回。.jpg
Katana,Rai,国光,来国光 （金象嵌）,64,Tokubetsu Juyo 17,刀  来国光 （金象嵌） 長さ64.0糎 ・特重 第17回。,国光/刀　　　 来国光　（金象嵌）　　長さ64.0糎　・特重　第17回。.jpg
Katana,Rai,国光,来国光 （金象嵌）,64,Juyo 12,刀  来国光 （金象嵌） 長さ64.0糎 ・第12回。,国光/刀　　　 来国光　（金象嵌）　　長さ64.0糎　・第12回。.jpg
Katana,Rai,国光,来国光 （金象嵌）,64.3,Juyo 21,刀  来国光 （金象嵌） 長さ64.3糎 第21回。,国光/刀　　　 来国光　（金象嵌）　　長さ64.3糎　　第21回。.jpg
Katana,Rai,国光,来国光 （金象嵌）,68.3,Tokubetsu Juyo 17,刀  来国光 （金象嵌） 長さ68.3糎 ・特重 第17回。,国光/刀　　　 来国光　（金象嵌）　　長さ68.3糎　・特重　第17回。.jpg
Katana,Rai,国光,来国光 （金象嵌）,68.3,Juyo 46,刀  来国光 （金象嵌） 長さ68.3糎 ・第46回。,国光/刀　　　 来国光　（金象嵌）　　長さ68.3糎　・第46回。.jpg
Katana,Rai,国光,来国光 （金象嵌）,69.8,Juyo 18,刀  来国光 （金象嵌） 長さ69.8糎 第18回。,国光/刀　　　 来国光　（金象嵌）　　長さ69.8糎　　第18回。.jpg
Katana,Rai,国光,来国光 （金象嵌） 本阿 （花押）,70,Juyo 7,刀  来国光 （金象嵌） 本阿 （花押） 長さ2尺3寸1分 第7回,国光/刀　　　 来国光　（金象嵌）　本阿　（花押）　長さ2尺3寸1分　　第7回.jpg
Katana,Rai,国光,来国光 （金象嵌） 本阿 （花押）,69.8,Tokubetsu Juyo 10,刀  来国光 （金象嵌） 本阿 （花押） 長さ69.8糎 ・特重 第10回。,国光/刀　　　 来国光　（金象嵌）　本阿　（花押）　長さ69.8糎　・特重　第10回。.jpg
Katana,Rai,国光,来国光 （金象嵌） 本阿 （花押）,69.8,Juyo 2,刀  来国光 （金象嵌） 本阿 （花押） 長さ69.8糎 ・第2回。,国光/刀　　　 来国光　（金象嵌）　本阿　（花押）　長さ69.8糎　・第2回。.jpg
Katana,Rai,国光,来国光 （金象嵌） 本阿 （花押）,71.4,Tokubetsu Juyo 11,刀  来国光 （金象嵌） 本阿 （花押） 長さ71.4糎 ・特重 第11回。,国光/刀　　　 来国光　（金象嵌）　本阿　（花押）　長さ71.4糎　・特重　第11回。.jpg
Katana,Rai,国光,来国光 （金象嵌） 本阿 （花押）,71.4,Juyo 14,刀  来国光 （金象嵌） 本阿 （花押） 長さ71.4糎 ・第14回。,国光/刀　　　 来国光　（金象嵌）　本阿　（花押）　長さ71.4糎　・第14回。.jpg
Katana,Rai,国光,来国光 （金象嵌） 本阿 （花押）,74.1,Tokubetsu Juyo 5,刀  来国光 （金象嵌） 本阿 （花押） 長さ74.1糎 ・特重 第5回。,国光/刀　　　 来国光　（金象嵌）　本阿　（花押）　長さ74.1糎　・特重　第5回。.jpg
Katana,Rai,国光,来国光 （金象嵌） 本阿 （花押）,74.1,Juyo 12,刀  来国光 （金象嵌） 本阿 （花押） 長さ74.1糎 ・第12回。,国光/刀　　　 来国光　（金象嵌）　本阿　（花押）　長さ74.1糎　・第12回。.jpg
Katana,Rai,国光,来国光 （金象嵌） 薫山 （花押）,70.5,Juyo 29,刀  来国光 （金象嵌） 薫山 （花押） 長さ70.5糎 第29回,国光/刀　　　 来国光　（金象嵌）　薫山　（花押）　長さ70.5糎　　第29回.jpg
Katana,Rai,国光,無銘 （伝来国光）,70,Juyo 9,刀  無銘 （伝来国光） 長さ2尺3寸1分強 第9回。,国光/刀　　　 無銘　（伝来国光）　　長さ2尺3寸1分強　　第9回。.jpg
Katana,Rai,国光,無銘 （伝来国光）,60.9,Juyo 16,刀  無銘 （伝来国光） 長さ60.9糎 第16回。,国光/刀　　　 無銘　（伝来国光）　　長さ60.9糎　　第16回。.jpg
Katana,Rai,国光,無銘 （伝来国光）,63.5,Juyo 26,刀  無銘 （伝来国光） 長さ63.5糎 第26回,国光/刀　　　 無銘　（伝来国光）　　長さ63.5糎　　第26回.jpg
Katana,Rai,国光,無銘 （伝来国光）,64.2,Juyo 16,刀  無銘 （伝来国光） 長さ64.2糎 第16回,国光/刀　　　 無銘　（伝来国光）　　長さ64.2糎　　第16回.jpg
Katana,Rai,国光,無銘 （伝来国光）,66.6,Juyo 24,刀  無銘 （伝来国光） 長さ66.6糎 第24回。,国光/刀　　　 無銘　（伝来国光）　　長さ66.6糎　　第24回。.jpg
Katana,Rai,国光,無銘 （伝来国光）,69.8,Juyo 16,刀  無銘 （伝来国光） 長さ69.8糎 第16回,国光/刀　　　 無銘　（伝来国光）　　長さ69.8糎　　第16回.jpg
Katana,Rai,国光,無銘 （伝来国光）,69.8,Juyo 41,刀  無銘 （伝来国光） 長さ69.8糎 第41回。,国光/刀　　　 無銘　（伝来国光）　　長さ69.8糎　　第41回。.jpg
Katana,Rai,国光,無銘 （伝来国光）,70,Juyo 23,刀  無銘 （伝来国光） 長さ70.0糎 第23回。,国光/刀　　　 無銘　（伝来国光）　　長さ70.0糎　　第23回。.jpg
Katana,Rai,国光,無銘 （伝来国光）,70,Juyo 25,刀  無銘 （伝来国光） 長さ70.0糎 第25回。,国光/刀　　　 無銘　（伝来国光）　　長さ70.0糎　　第25回。.jpg
Katana,Rai,国光,無銘 （伝来国光）,70,Juyo 35,刀  無銘 （伝来国光） 長さ70.0糎 第35回。,国光/刀　　　 無銘　（伝来国光）　　長さ70.0糎　　第35回。.jpg
Katana,Rai,国光,無銘 （伝来国光）,70.2,Juyo 15,刀  無銘 （伝来国光） 長さ70.2糎 第15回。,国光/刀　　　 無銘　（伝来国光）　　長さ70.2糎　　第15回。.jpg
Katana,Rai,国光,無銘 （伝来国光）,70.3,Juyo 33,刀  無銘 （伝来国光） 長さ70.3糎 第33回。,国光/刀　　　 無銘　（伝来国光）　　長さ70.3糎　　第33回。.jpg
Katana,Rai,国光,無銘 （伝来国光）,70.7,Juyo 24,刀  無銘 （伝来国光） 長さ70.7糎 第24回。,国光/刀　　　 無銘　（伝来国光）　　長さ70.7糎　　第24回。.jpg
Katana,Rai,国光,無銘 （伝来国光）,70,Juyo 42,刀  無銘 （伝来国光） 長さ70糎強 第42回。,国光/刀　　　 無銘　（伝来国光）　　長さ70糎強　　第42回。.jpg
Katana,Rai,国光,無銘 （伝来国光）,71,Juyo 24,刀  無銘 （伝来国光） 長さ71.0糎 第24回。,国光/刀　　　 無銘　（伝来国光）　　長さ71.0糎　　第24回。.jpg
Katana,Rai,国光,無銘 （伝来国光）,71.3,Juyo 22,刀  無銘 （伝来国光） 長さ71.3糎 第22回,国光/刀　　　 無銘　（伝来国光）　　長さ71.3糎　　第22回.jpg
Katana,Rai,国光,無銘 （伝来国光）,71.6,Juyo 19,刀  無銘 （伝来国光） 長さ71.6糎 第19回。,国光/刀　　　 無銘　（伝来国光）　　長さ71.6糎　　第19回。.jpg
Katana,Rai,国光,無銘 （伝来国光）,71.6,Juyo 47,刀  無銘 （伝来国光） 長さ71.6糎 第47回。,国光/刀　　　 無銘　（伝来国光）　　長さ71.6糎　　第47回。.jpg
Katana,Rai,国光,無銘 （伝来国光）,72,Juyo 24,刀  無銘 （伝来国光） 長さ72.0糎 第24回。,国光/刀　　　 無銘　（伝来国光）　　長さ72.0糎　　第24回。.jpg
Katana,Rai,国光,無銘 （伝来国光）,74.3,Juyo 42,刀  無銘 （伝来国光） 長さ74.25糎 第42回,国光/刀　　　 無銘　（伝来国光）　　長さ74.25糎　　第42回.jpg
Katana,Rai,国光,無銘 （伝来国光）,74.3,Juyo 17,刀  無銘 （伝来国光） 長さ74.35糎 第17回。,国光/刀　　　 無銘　（伝来国光）　　長さ74.35糎　　第17回。.jpg
Katana,Rai,国光,無銘 （来国光）,69.1,Juyo 12,刀  無銘 （来国光） 長さ2尺2寸8分半 第12回。,国光/刀　　　 無銘　（来国光）　　長さ2尺2寸8分半　　第12回。.jpg
Katana,Rai,国光,無銘 （来国光）,60.4,Juyo 37,刀  無銘 （来国光） 長さ60.4糎 第37回。,国光/刀　　　 無銘　（来国光）　　長さ60.4糎　　第37回。.jpg
Katana,Rai,国光,無銘 （来国光）,65.7,Juyo 20,刀  無銘 （来国光） 長さ65.7糎 第20回,国光/刀　　　 無銘　（来国光）　　長さ65.7糎　　第20回.jpg
Katana,Rai,国光,無銘 （来国光）,68,Juyo 31,刀  無銘 （来国光） 長さ68.0糎 第31回。,国光/刀　　　 無銘　（来国光）　　長さ68.0糎　　第31回。.jpg
Katana,Rai,国光,無銘 （来国光）,68.6,Juyo 42,刀  無銘 （来国光） 長さ68.6糎 第42回。,国光/刀　　　 無銘　（来国光）　　長さ68.6糎　　第42回。.jpg
Katana,Rai,国光,無銘 （来国光）,68.8,Juyo 26,刀  無銘 （来国光） 長さ68.8糎 第26回,国光/刀　　　 無銘　（来国光）　　長さ68.8糎　　第26回.jpg
Katana,Rai,国光,無銘 （来国光）,69.8,Juyo 24,刀  無銘 （来国光） 長さ69.8糎 第24回。,国光/刀　　　 無銘　（来国光）　　長さ69.8糎　　第24回。.jpg
Katana,Rai,国光,無銘 （来国光）,69.8,Juyo 36,刀  無銘 （来国光） 長さ69.8糎 第36回,国光/刀　　　 無銘　（来国光）　　長さ69.8糎　　第36回.jpg
Katana,Rai,国光,無銘 （来国光）,69.9,Juyo 43,刀  無銘 （来国光） 長さ69.9糎 第43回,国光/刀　　　 無銘　（来国光）　　長さ69.9糎　　第43回.jpg
Katana,Rai,国光,無銘 （来国光）,70,Juyo 23,刀  無銘 （来国光） 長さ70.0糎 第23回,国光/刀　　　 無銘　（来国光）　　長さ70.0糎　　第23回.jpg
Katana,Rai,国光,無銘 （来国光）,70.1,Juyo 45,刀  無銘 （来国光） 長さ70.1糎 第45回,国光/刀　　　 無銘　（来国光）　　長さ70.1糎　　第45回.jpg
Katana,Rai,国光,無銘 （来国光）,70.3,Tokubetsu Juyo 12,刀  無銘 （来国光） 長さ70.25糎 ・特重 第12回。,国光/刀　　　 無銘　（来国光）　　長さ70.25糎　・特重　第12回。.jpg
Katana,Rai,国光,無銘 （来国光）,70.3,Juyo 14,刀  無銘 （来国光） 長さ70.25糎 ・第14回。伝をとる,国光/刀　　　 無銘　（来国光）　　長さ70.25糎　・第14回。伝をとる.jpg
Katana,Rai,国光,無銘 （来国光）,71,Tokubetsu Juyo 4,刀  無銘 （来国光） 長さ71.0糎 ・特重 第4回。,国光/刀　　　 無銘　（来国光）　　長さ71.0糎　・特重　第4回。.jpg
Katana,Rai,国光,無銘 （来国光）,71,Juyo 18,刀  無銘 （来国光） 長さ71.0糎強 ・第18回。,国光/刀　　　 無銘　（来国光）　　長さ71.0糎強　・第18回。.jpg
Katana,Rai,国光,無銘 （来国光）,71.1,Juyo 21,刀  無銘 （来国光） 長さ71.1糎 第21回,国光/刀　　　 無銘　（来国光）　　長さ71.1糎　　第21回.jpg
Katana,Rai,国光,無銘 （来国光）,71.1,Tokubetsu Juyo 11,刀  無銘 （来国光） 長さ71.1糎 ・特重 第11回。,国光/刀　　　 無銘　（来国光）　　長さ71.1糎　・特重　第11回。.jpg
Katana,Rai,国光,無銘 （来国光）,71.1,Juyo 17,刀  無銘 （来国光） 長さ71.1糎 ・第17回。,国光/刀　　　 無銘　（来国光）　　長さ71.1糎　・第17回。.jpg
Katana,Rai,国光,無銘 （来国光）,71.2,Tokubetsu Juyo 15,刀  無銘 （来国光） 長さ71.2糎 特重 第15回。,国光/刀　　　 無銘　（来国光）　　長さ71.2糎　　特重　第15回。.jpg
Katana,Rai,国光,無銘 （来国光）,71.2,Juyo 45,刀  無銘 （来国光） 長さ71.2糎 第45回,国光/刀　　　 無銘　（来国光）　　長さ71.2糎　　第45回.jpg
Katana,Rai,国光,無銘 （来国光）,71.2,Tokubetsu Juyo 4,刀  無銘 （来国光） 長さ71.2糎 ・特重 第4回。,国光/刀　　　 無銘　（来国光）　　長さ71.2糎　・特重　第4回。.jpg
Katana,Rai,国光,無銘 （来国光）,71.2,Juyo 12,刀  無銘 （来国光） 長さ71.2糎 ・第12回。,国光/刀　　　 無銘　（来国光）　　長さ71.2糎　・第12回。.jpg
Katana,Rai,国光,無銘 （来国光）,71.7,Juyo 24,刀  無銘 （来国光） 長さ71.7糎 第24回。,国光/刀　　　 無銘　（来国光）　　長さ71.7糎　　第24回。.jpg
Katana,Rai,国光,無銘 （来国光）,71.8,Tokubetsu Juyo 6,刀  無銘 （来国光） 長さ71.8糎 ・特重 第6回,国光/刀　　　 無銘　（来国光）　　長さ71.8糎　・特重　第6回.jpg
Katana,Rai,国光,無銘 （来国光）,71.8,Juyo 2,刀  無銘 （来国光） 長さ71.8糎 ・第2回伝をとる,国光/刀　　　 無銘　（来国光）　　長さ71.8糎　・第2回伝をとる.jpg
Katana,Rai,国光,無銘 （来国光）,72.1,Juyo 24,刀  無銘 （来国光） 長さ72.1糎 第24回。,国光/刀　　　 無銘　（来国光）　　長さ72.1糎　　第24回。.jpg
Katana,Rai,国光,無銘 （来国光）,73.2,Tokubetsu Juyo 2,刀  無銘 （来国光） 長さ73.2糎 ・特重 第2回。,国光/刀　　　 無銘　（来国光）　　長さ73.2糎　・特重　第2回。.jpg
Katana,Rai,国光,無銘 （来国光）,73.2,Juyo 2,刀  無銘 （来国光） 長さ73.2糎 ・第2回。伝をとる,国光/刀　　　 無銘　（来国光）　　長さ73.2糎　・第2回。伝をとる.jpg
Katana,Rai,国光,無銘 （来国光）,73.7,Tokubetsu Juyo 13,刀  無銘 （来国光） 長さ73.65糎 第33回。特重第13回,国光/刀　　　 無銘　（来国光）　　長さ73.65糎　　第33回。特重第13回.jpg
Katana,Rai,国光,無銘 （来国光）,73.8,Juyo 38,刀  無銘 （来国光） 長さ73.8糎 第38回,国光/刀　　　 無銘　（来国光）　　長さ73.8糎　　第38回.jpg
Katana,Rai,国光,無銘 （来国光）,75.3,Juyo 24,刀  無銘 （来国光） 長さ75.3糎 第24回。,国光/刀　　　 無銘　（来国光）　　長さ75.3糎　　第24回。.jpg
Katana,Rai,国光,無銘 （来国光）,75.4,Juyo 43,刀  無銘 （来国光） 長さ75.4糎 第43回。,国光/刀　　　 無銘　（来国光）　　長さ75.4糎　　第43回。.jpg
Katana,Rai,国光,無銘 （来国光）,75.4,Tokubetsu Juyo 8,刀  無銘 （来国光） 長さ75.4糎 ・特重 第8回,国光/刀　　　 無銘　（来国光）　　長さ75.4糎　・特重　第8回.jpg
Katana,Rai,国光,無銘 （来国光）,75.4,Juyo 28,刀  無銘 （来国光） 長さ75.4糎 ・第28回・無銘（来国俊）より変更,国光/刀　　　 無銘　（来国光）　　長さ75.4糎　・第28回・無銘（来国俊）より変更.jpg
Katana,Rai,国光,無銘 （来国光） 切付銘あり,70,Tokubetsu Juyo 11,刀  無銘 （来国光） 切付銘あり 長さ70.0糎 ・特重 第11回,国光/刀　　　 無銘　（来国光）　切付銘あり　　長さ70.0糎　・特重　第11回.jpg
Katana,Rai,国光,無銘 （来国光） 切付銘あり,70,Juyo 9,刀  無銘 （来国光） 切付銘あり 長さ70.0糎 ・第9回,国光/刀　　　 無銘　（来国光）　切付銘あり　　長さ70.0糎　・第9回.jpg
Katana,Rai,国光,無銘 （来国光） 所持銘 （金象嵌）,71.9,Juyo 39,刀  無銘 （来国光） 所持銘 （金象嵌） 長さ71.9糎 第39回。,国光/刀　　　 無銘　（来国光）　所持銘　（金象嵌）　　長さ71.9糎　　第39回。.jpg
Tachi,Rai,国光,来国○ （国光）,69.2,Juyo 32,太刀 来国○ （国光） 長さ69.2糎 第32回,国光/太刀　　来国○　（国光）　　長さ69.2糎　　第32回.jpg
Tachi,Rai,国光,来国○ （国光）,71.2,Juyo 19,太刀 来国○ （国光） 長さ71.2糎 第19回,国光/太刀　　来国○　（国光）　　長さ71.2糎　　第19回.jpg
Tachi,Rai,国光,来国光,62.1,Juyo 35,太刀 来国光 長さ62.1糎 第35回,国光/太刀　　来国光　　長さ62.1糎　　第35回.jpg
Tachi,Rai,国光,来国光,64.6,Juyo 18,太刀 来国光 長さ64.6糎強 第18回,国光/太刀　　来国光　　長さ64.6糎強　　第18回.jpg
Tachi,Rai,国光,来国光,66.6,Juyo 16,太刀 来国光 長さ66.6糎 第16回,国光/太刀　　来国光　　長さ66.6糎　　第16回.jpg
Tachi,Rai,国光,来国光,69,Juyo 22,太刀 来国光 長さ69.0糎 第22回,国光/太刀　　来国光　　長さ69.0糎　　第22回.jpg
Tachi,Rai,国光,来国光,69.2,Juyo 19,太刀 来国光 長さ69.2糎 第19回,国光/太刀　　来国光　　長さ69.2糎　　第19回.jpg
Tachi,Rai,国光,来国光,69.6,Juyo 46,太刀 来国光 長さ69.6糎 第46回,国光/太刀　　来国光　　長さ69.6糎　　第46回.jpg
Tachi,Rai,国光,来国光,71.5,Juyo 15,太刀 来国光 長さ71.5糎 第15回。,国光/太刀　　来国光　　長さ71.5糎　　第15回。.jpg
Tachi,Rai,国光,来国光,72.2,Juyo 25,太刀 来国光 長さ72.2糎 第25回,国光/太刀　　来国光　　長さ72.2糎　　第25回.jpg
Tachi,Rai,国光,来国光,75.2,Juyo 15,太刀 来国光 長さ75.2糎 第15回。,国光/太刀　　来国光　　長さ75.2糎　　第15回。.jpg
Tachi,Rai,国光,来国光,81.8,Juyo 20,太刀 来国光 長さ81.8糎 第20回。,国光/太刀　　来国光　　長さ81.8糎　　第20回。.jpg
Tachi,Rai,国光,来国光 （朱銘）,71.5,Juyo 20,太刀 来国光 （朱銘） 長さ71.5糎 第20回。,国光/太刀　　来国光　（朱銘）　　長さ71.5糎　　第20回。.jpg
Kodachi,Rai,国光,来国光,53.2,Juyo 39,小太刀 来国光 長さ53.2糎 第39回,国光/小太刀　　来国光　　長さ53.2糎　　第39回.jpg
Tanto,Rai,国光,来国光,30.6,Juyo 3,短刀 来国光 長さ1尺1分 第3回。,国光/短刀　　来国光　　長さ1尺1分　　第3回。.jpg
Tanto,Rai,国光,来国光,22.4,Juyo 22,短刀 来国光 長さ22.4糎 第22回,国光/短刀　　来国光　　長さ22.4糎　　第22回.jpg
Tanto,Rai,国光,来国光,22.7,Tokubetsu Juyo 7,短刀 来国光 長さ22.7糎 ・特重 第7回。,国光/短刀　　来国光　　長さ22.7糎　・特重　第7回。.jpg
Tanto,Rai,国光,来国光,22.7,Juyo 19,短刀 来国光 長さ22.7糎 ・第19回。,国光/短刀　　来国光　　長さ22.7糎　・第19回。.jpg
Tanto,Rai,国光,来国光,22.8,Juyo 26,短刀 来国光 長さ22.8糎 第26回,国光/短刀　　来国光　　長さ22.8糎　　第26回.jpg
Tanto,Rai,国光,来国光,22.9,Juyo 31,短刀 来国光 長さ22.9糎 第31回。,国光/短刀　　来国光　　長さ22.9糎　　第31回。.jpg
Tanto,Rai,国光,来国光,23,Juyo 32,短刀 来国光 長さ23.0糎 第32回。,国光/短刀　　来国光　　長さ23.0糎　　第32回。.jpg
Tanto,Rai,国光,来国光,23.2,Juyo 21,短刀 来国光 長さ23.2糎 第21回。,国光/短刀　　来国光　　長さ23.2糎　　第21回。.jpg
Tanto,Rai,国光,来国光,23.5,Juyo 24,短刀 来国光 長さ23.5糎 第24回,国光/短刀　　来国光　　長さ23.5糎　　第24回.jpg
Tanto,Rai,国光,来国光,24,Juyo 42,短刀 来国光 長さ24.0糎 第42回。,国光/短刀　　来国光　　長さ24.0糎　　第42回。.jpg
Tanto,Rai,国光,来国光,24.5,Juyo 21,短刀 来国光 長さ24.5糎 第21回。,国光/短刀　　来国光　　長さ24.5糎　　第21回。.jpg
Tanto,Rai,国光,来国光,24.7,Tokubetsu Juyo 6,短刀 来国光 長さ24.7糎 ・特重 第6回。,国光/短刀　　来国光　　長さ24.7糎　・特重　第6回。.jpg
Tanto,Rai,国光,来国光,24.7,Juyo 11,短刀 来国光 長さ24.7糎 ・第11回。,国光/短刀　　来国光　　長さ24.7糎　・第11回。.jpg
Tanto,Rai,国光,来国光,24.8,Juyo 23,短刀 来国光 長さ24.8糎 第23回,国光/短刀　　来国光　　長さ24.8糎　　第23回.jpg
Tanto,Rai,国光,来国光,24.9,Juyo 24,短刀 来国光 長さ24.9糎 第24回。,国光/短刀　　来国光　　長さ24.9糎　　第24回。.jpg
Tanto,Rai,国光,来国光,25.4,Juyo 15,短刀 来国光 長さ25.4糎 第15回。,国光/短刀　　来国光　　長さ25.4糎　　第15回。.jpg
Tanto,Rai,国光,来国光,25.6,Juyo 41,短刀 来国光 長さ25.6糎 第41回,国光/短刀　　来国光　　長さ25.6糎　　第41回.jpg
Tanto,Rai,国光,来国光,25.6,Juyo 46,短刀 来国光 長さ25.6糎 第46回。,国光/短刀　　来国光　　長さ25.6糎　　第46回。.jpg
Tanto,Rai,国光,来国光,25.8,Juyo 22,短刀 来国光 長さ25.8糎 第22回。,国光/短刀　　来国光　　長さ25.8糎　　第22回。.jpg
Tanto,Rai,国光,来国光,25.8,Juyo 45,短刀 来国光 長さ25.8糎 第45回。,国光/短刀　　来国光　　長さ25.8糎　　第45回。.jpg
Tanto,Rai,国光,来国光,25.8,Tokubetsu Juyo 17,短刀 来国光 長さ25.8糎 ・特重 第17回。,国光/短刀　　来国光　　長さ25.8糎　・特重　第17回。.jpg
Tanto,Rai,国光,来国光,25.8,Juyo 2,短刀 来国光 長さ25.8糎 ・第2回。,国光/短刀　　来国光　　長さ25.8糎　・第2回。.jpg
Tanto,Rai,国光,来国光,26,Juyo 17,短刀 来国光 長さ26.0糎 第17回。,国光/短刀　　来国光　　長さ26.0糎　　第17回。.jpg
Tanto,Rai,国光,来国光,26,Juyo 21,短刀 来国光 長さ26.0糎 第21回。,国光/短刀　　来国光　　長さ26.0糎　　第21回。.jpg
Tanto,Rai,国光,来国光,26.2,Juyo 24,短刀 来国光 長さ26.2糎 第24回,国光/短刀　　来国光　　長さ26.2糎　　第24回.jpg
Tanto,Rai,国光,来国光,26.3,Juyo 27,短刀 来国光 長さ26.3糎 第27回。,国光/短刀　　来国光　　長さ26.3糎　　第27回。.jpg
Tanto,Rai,国光,来国光,26.4,Juyo 21,短刀 来国光 長さ26.4糎 第21回。,国光/短刀　　来国光　　長さ26.4糎　　第21回。.jpg
Tanto,Rai,国光,来国光,26.4,Juyo 45,短刀 来国光 長さ26.4糎 第45回。,国光/短刀　　来国光　　長さ26.4糎　　第45回。.jpg
Tanto,Rai,国光,来国光,26.5,Juyo 16,短刀 来国光 長さ26.5糎 第16回。,国光/短刀　　来国光　　長さ26.5糎　　第16回。.jpg
Tanto,Rai,国光,来国光,26.6,Juyo 23,短刀 来国光 長さ26.6糎 第23回。,国光/短刀　　来国光　　長さ26.6糎　　第23回。.jpg
Tanto,Rai,国光,来国光,26.7,Juyo 20,短刀 来国光 長さ26.7糎 第20回。,国光/短刀　　来国光　　長さ26.7糎　　第20回。.jpg
Tanto,Rai,国光,来国光,26.9,Juyo 47,短刀 来国光 長さ26.85糎 第47回。,国光/短刀　　来国光　　長さ26.85糎　　第47回。.jpg
Tanto,Rai,国光,来国光,26.8,Juyo 17,短刀 来国光 長さ26.8糎 第17回。,国光/短刀　　来国光　　長さ26.8糎　　第17回。.jpg
Tanto,Rai,国光,来国光,27,Juyo 20,短刀 来国光 長さ27.0糎 第20回。,国光/短刀　　来国光　　長さ27.0糎　　第20回。.jpg
Tanto,Rai,国光,来国光,27,Juyo 22,短刀 来国光 長さ27.0糎 第22回。,国光/短刀　　来国光　　長さ27.0糎　　第22回。.jpg
Tanto,Rai,国光,来国光,27,Juyo 32,短刀 来国光 長さ27.0糎 第32回,国光/短刀　　来国光　　長さ27.0糎　　第32回.jpg
Tanto,Rai,国光,来国光,27.3,Juyo 15,短刀 来国光 長さ27.3糎 第15回。,国光/短刀　　来国光　　長さ27.3糎　　第15回。.jpg
Tanto,Rai,国光,来国光,27.3,Juyo 41,短刀 来国光 長さ27.3糎 第41回。,国光/短刀　　来国光　　長さ27.3糎　　第41回。.jpg
Tanto,Rai,国光,来国光,27.4,Juyo 24,短刀 来国光 長さ27.4糎 第24回,国光/短刀　　来国光　　長さ27.4糎　　第24回.jpg
Tanto,Rai,国光,来国光,27.6,Tokubetsu Juyo 5,短刀 来国光 長さ27.6糎 ・特重 第5回。,国光/短刀　　来国光　　長さ27.6糎　・特重　第5回。.jpg
Tanto,Rai,国光,来国光,27.6,Juyo 22,短刀 来国光 長さ27.6糎 ・第22回。,国光/短刀　　来国光　　長さ27.6糎　・第22回。.jpg
Tanto,Rai,国光,来国光,27.8,Tokubetsu Juyo 12,短刀 来国光 長さ27.75糎 ・特重 第12回。,国光/短刀　　来国光　　長さ27.75糎　・特重　第12回。.jpg
Tanto,Rai,国光,来国光,27.8,Juyo 23,短刀 来国光 長さ27.75糎 ・第23回。,国光/短刀　　来国光　　長さ27.75糎　・第23回。.jpg
Tanto,Rai,国光,来国光,27.8,Juyo 26,短刀 来国光 長さ27.8糎 第26回。,国光/短刀　　来国光　　長さ27.8糎　　第26回。.jpg
Tanto,Rai,国光,来国光,27.9,Juyo 17,短刀 来国光 長さ27.9糎 第17回。,国光/短刀　　来国光　　長さ27.9糎　　第17回。.jpg
Tanto,Rai,国光,来国光,28.1,Juyo 19,短刀 来国光 長さ28.1糎 第19回。,国光/短刀　　来国光　　長さ28.1糎　　第19回。.jpg
Tanto,Rai,国光,来国光,28.4,Juyo 22,短刀 来国光 長さ28.4糎 第22回,国光/短刀　　来国光　　長さ28.4糎　　第22回.jpg
Tanto,Rai,国光,来国光,28.6,Tokubetsu Juyo 15,短刀 来国光 長さ28.6糎 ・特重 第15回,国光/短刀　　来国光　　長さ28.6糎　・特重　第15回.jpg
Tanto,Rai,国光,来国光,28.6,Juyo 30,短刀 来国光 長さ28.6糎 ・第30回,国光/短刀　　来国光　　長さ28.6糎　・第30回.jpg
Tanto,Rai,国光,来国光,29.2,Juyo 40,短刀 来国光 長さ29.2糎 第40回。,国光/短刀　　来国光　　長さ29.2糎　　第40回。.jpg
Tanto,Rai,国光,来国光,29.2,Tokubetsu Juyo 6,短刀 来国光 長さ29.2糎 ・特重 第6回。,国光/短刀　　来国光　　長さ29.2糎　・特重　第6回。.jpg
Tanto,Rai,国光,来国光,29.2,Juyo 20,短刀 来国光 長さ29.2糎 ・第20回。,国光/短刀　　来国光　　長さ29.2糎　・第20回。.jpg
Tanto,Rai,国光,来国光,29.9,Tokubetsu Juyo 12,短刀 来国光 長さ29.85糎 ・特重 第12回。,国光/短刀　　来国光　　長さ29.85糎　・特重　第12回。.jpg
Tanto,Rai,国光,来国光,29.8,Juyo 20,短刀 来国光 長さ29.8糎 ・第20回。,国光/短刀　　来国光　　長さ29.8糎　・第20回。.jpg
Tanto,Rai,国光,来国光,30,Juyo 25,短刀 来国光 長さ30.0糎 第25回。,国光/短刀　　来国光　　長さ30.0糎　　第25回。.jpg
Tanto,Rai,国光,来国光,25.8,Juyo 11,短刀 来国光 長さ8寸5分 第11回。,国光/短刀　　来国光　　長さ8寸5分　　第11回。.jpg
Tanto,Rai,国光,来国光,26.4,Juyo 14,短刀 来国光 長さ8寸7分弱 第14回。,国光/短刀　　来国光　　長さ8寸7分弱　　第14回。.jpg
Tanto,Rai,国光,来国光,27.9,Juyo 12,短刀 来国光 長さ9寸2分半 第12回。,国光/短刀　　来国光　　長さ9寸2分半　　第12回。.jpg
Tanto,Rai,国光,来国光 （二代）,28.2,Juyo 20,短刀 来国光 （二代） 長さ28.2糎 第20回。,国光/短刀　　来国光　（二代）　　長さ28.2糎　　第20回。.jpg
Tanto,Rai,国光,来国光 （朱銘）,23.9,Juyo 28,短刀 来国光 （朱銘） 長さ23.9糎 第28回。,国光/短刀　　来国光　（朱銘）　　長さ23.9糎　　第28回。.jpg
Tanto,Rai,国光,来国光 （朱銘）,26.4,Juyo 21,短刀 来国光 （朱銘） 長さ26.4糎 第21回。第41回来国光に訂正,国光/短刀　　来国光　（朱銘）　　長さ26.4糎　　第21回。第41回来国光に訂正.jpg
Tanto,Rai,国光,来国光 （朱銘） 本阿 （花押）,27,Juyo 44,短刀 来国光 （朱銘） 本阿 （花押） 長さ27糎 第44回。,国光/短刀　　来国光　（朱銘）　本阿　（花押）　　長さ27糎　　第44回。.jpg
Tanto,Rai,国光,無銘 （来国光）,27.1,Juyo 43,短刀 無銘 （来国光） 長さ27.1糎 第43回。,国光/短刀　　無銘　（来国光）　　長さ27.1糎　　第43回。.jpg
Wakizashi,Rai,国光,来国光,31.2,Juyo 43,脇差 来国光 長さ31.2糎 第43回。,国光/脇差　　来国光　　長さ31.2糎　　第43回。.jpg
Wakizashi,Rai,国光,来国光,33.2,Tokubetsu Juyo 3,脇差 来国光 長さ33.2糎 ・特重 第3回。,国光/脇差　　来国光　　長さ33.2糎　・特重　第3回。.jpg
Wakizashi,Rai,国光,来国光,33.2,Juyo 3,脇差 来国光 長さ33.2糎 ・第3回。,国光/脇差　　来国光　　長さ33.2糎　・第3回。.jpg
Wakizashi,Rai,国光,来国光,33.8,Juyo 38,脇差 来国光 長さ33.8糎 第38回。,国光/脇差　　来国光　　長さ33.8糎　　第38回。.jpg
Wakizashi,Rai,国光,来国光 （折返銘）,54,Juyo 15,脇差 来国光 （折返銘） 長さ54.0糎 第15回,国光/脇差　　来国光　（折返銘）　　長さ54.0糎　　第15回.jpg
Wakizashi,Rai,国光,来国光 （金粉銘） 観応 本阿 （花押）,32.7,Juyo 18,脇差 来国光 （金粉銘） 観応 本阿 （花押） 長さ32.7糎 第18回。,国光/脇差　　来国光　（金粉銘）　観応　本阿　（花押）　　長さ32.7糎　第18回。.jpg
Wakizashi,Rai,国光,来国光 （金象嵌） 加嶋 （花押）,49.4,Juyo 18,脇差 来国光 （金象嵌） 加嶋 （花押） 長さ49.4糎 第18回。,国光/脇差　　来国光　（金象嵌）　加嶋　（花押）　　長さ49.4糎　第18回。.jpg
Wakizashi,Rai,国光,無銘 （来国光）,59.2,Juyo 20,脇差 無銘 （来国光） 長さ59.2糎 第20回,国光/脇差　　無銘　（来国光）　　長さ59.2糎　　第20回.jpg
Naoshi,Rai,国光,脇差 来国光 （金象嵌）,50,Juyo 31,薙刀直し脇差 来国光 （金象嵌） 長さ50.0糎 第31回。,国光/薙刀直し脇差　　来国光　（金象嵌）　　長さ50.0糎　　第31回。.jpg
Naoshi,Rai,国光,脇差 無銘 （伝来国光）,46.5,Juyo 35,薙刀直し脇差 無銘 （伝来国光） 長さ46.5糎 第35回。,国光/薙刀直し脇差　　無銘　（伝来国光）　　長さ46.5糎　　第35回。.jpg
Katana,Rai,国安,無銘 （伝来国安）,65.2,Juyo 26,刀   無銘 （伝来国安） 長さ65.2糎 第26回。,国安/刀　　 　無銘　（伝来国安）　　長さ65.2糎　　第26回。.jpg
Tachi,Rai,国安,来国○ （伝国安）,70.7,Juyo 22,太刀 来国○ （伝国安） 長さ70.7糎 第22回,国安/太刀　　来国○　（伝国安）　　長さ70.7糎　　第22回.jpg
Wakizashi,Rai,国安,無銘 （伝来国安）,59.9,Juyo 26,脇差 無銘 （伝来国安） 長さ59.9糎 第26回。,国安/脇差　　無銘　（伝来国安）　　長さ59.9糎　　第26回。.jpg
Katana,Rai,国次,来国次 （金象嵌）,71,Tokubetsu Juyo 17,刀  来国次 （金象嵌） 長さ70.95糎 ・特重 第17回,国次/刀　　　 来国次　（金象嵌）　　長さ70.95糎　・特重　第17回.jpg
Katana,Rai,国次,来国次 （金象嵌）,71.1,Juyo 20,刀  来国次 （金象嵌） 長さ71.1糎 ・第20回,国次/刀　　　 来国次　（金象嵌）　　長さ71.1糎　・第20回.jpg
Katana,Rai,国次,無銘 （伝来国次）,65.9,Juyo 6,刀  無銘 （伝来国次） 長さ2尺1寸7分5厘 第6回。,国次/刀　　　 無銘　（伝来国次）　　長さ2尺1寸7分5厘　　第6回。.jpg
Katana,Rai,国次,無銘 （伝来国次）,65.8,Juyo 10,刀  無銘 （伝来国次） 長さ2尺1寸7分強 第10回。,国次/刀　　　 無銘　（伝来国次）　　長さ2尺1寸7分強　　第10回。.jpg
Katana,Rai,国次,無銘 （伝来国次）,67,Juyo 13,刀  無銘 （伝来国次） 長さ2尺2寸1分 第13回。,国次/刀　　　 無銘　（伝来国次）　　長さ2尺2寸1分　　第13回。.jpg
Katana,Rai,国次,無銘 （伝来国次）,66.2,Juyo 18,刀  無銘 （伝来国次） 長さ66.2糎 第18回,国次/刀　　　 無銘　（伝来国次）　　長さ66.2糎　　第18回.jpg
Katana,Rai,国次,無銘 （伝来国次）,66.9,Juyo 33,刀  無銘 （伝来国次） 長さ66.9糎 第33回。,国次/刀　　　 無銘　（伝来国次）　　長さ66.9糎　　第33回。.jpg
Katana,Rai,国次,無銘 （伝来国次）,67.4,Juyo 35,刀  無銘 （伝来国次） 長さ67.4糎 第35回。,国次/刀　　　 無銘　（伝来国次）　　長さ67.4糎　　第35回。.jpg
Katana,Rai,国次,無銘 （伝来国次）,71.2,Juyo 29,刀  無銘 （伝来国次） 長さ71.2糎 第29回。,国次/刀　　　 無銘　（伝来国次）　　長さ71.2糎　　第29回。.jpg
Katana,Rai,国次,無銘 （伝来国次）,71.6,Juyo 27,刀  無銘 （伝来国次） 長さ71.6糎 第27回。,国次/刀　　　 無銘　（伝来国次）　　長さ71.6糎　　第27回。.jpg
Katana,Rai,国次,無銘 （伝来国次）,71.8,Juyo 26,刀  無銘 （伝来国次） 長さ71.8糎 第26回。,国次/刀　　　 無銘　（伝来国次）　　長さ71.8糎　　第26回。.jpg
Katana,Rai,国次,無銘 （伝来国次）,73,Juyo 19,刀  無銘 （伝来国次） 長さ73.0糎 第19回,国次/刀　　　 無銘　（伝来国次）　　長さ73.0糎　　第19回.jpg
Katana,Rai,国次,無銘 （伝来国次）,73.6,Juyo 25,刀  無銘 （伝来国次） 長さ73.6糎 第25回。,国次/刀　　　 無銘　（伝来国次）　　長さ73.6糎　　第25回。.jpg
Katana,Rai,国次,無銘 （伝来国次）,74.4,Juyo 19,刀  無銘 （伝来国次） 長さ74.4糎 第19回,国次/刀　　　 無銘　（伝来国次）　　長さ74.4糎　　第19回.jpg
Katana,Rai,国次,無銘 （来国次）,63.2,Juyo 24,刀  無銘 （来国次） 長さ63.2糎 第24回。,国次/刀　　　 無銘　（来国次）　　長さ63.2糎　　第24回。.jpg
Katana,Rai,国次,無銘 （来国次）,71.9,Juyo 32,刀  無銘 （来国次） 長さ71.9糎 第32回。,国次/刀　　　 無銘　（来国次）　　長さ71.9糎　　第32回。.jpg
Katana,Rai,国次,無銘 （来国次） 截断銘,69,Juyo 47,刀  無銘 （来国次） 截断銘 長さ68.95糎 第47回。,国次/刀　　　 無銘　（来国次）　截断銘　　長さ68.95糎　　第47回。.jpg
Katana,Rai,国次,無銘 （来国次） 截断銘（金象嵌）,72,Tokubetsu Juyo 3,刀  無銘 （来国次） 截断銘（金象嵌） 長さ72.0糎 ・特重 第3回,国次/刀　　　 無銘　（来国次）　截断銘（金象嵌）　長さ72.0糎　・特重　第3回.jpg
Katana,Rai,国次,無銘 （来国次） 截断銘（金象嵌）,72,Juyo 22,刀  無銘 （来国次） 截断銘（金象嵌） 長さ72.0糎 ・第22回・無銘（二字国俊）より変更,国次/刀　　　 無銘　（来国次）　截断銘（金象嵌）　長さ72.0糎　・第22回・無銘（二字国俊）より変更.jpg
Tachi,Rai,国次,○○次 （伝来国次）,71.6,Juyo 26,太刀 ○○次 （伝来国次） 長さ71.6糎 第26回。,国次/太刀　　○○次　（伝来国次）　　長さ71.6糎　　第26回。.jpg
Tachi,Rai,国次,来国次,67.8,Juyo 20,太刀 来国次 長さ67.8糎 第20回。,国次/太刀　　来国次　　長さ67.8糎　　第20回。.jpg
Tachi,Rai,国次,来国次,69.6,Tokubetsu Juyo 9,太刀 来国次 長さ69.6糎 ・特重 第9回,国次/太刀　　来国次　　長さ69.6糎　・特重　第9回.jpg
Tachi,Rai,国次,来国次,69.6,Juyo 5,太刀 来国次 長さ69.6糎 ・第5回,国次/太刀　　来国次　　長さ69.6糎　・第5回.jpg
Tachi,Rai,国次,来国次,71,Tokubetsu Juyo 5,太刀 来国次 長さ71.0糎 ・特重 第5回,国次/太刀　　来国次　　長さ71.0糎　・特重　第5回.jpg
Tachi,Rai,国次,来国次,71,Juyo 23,太刀 来国次 長さ71.0糎 ・第23回,国次/太刀　　来国次　　長さ71.0糎　・第23回.jpg
Tachi,Rai,国次,来国次,74.1,Tokubetsu Juyo 17,太刀 来国次 長さ74.1糎 ・特重 第17回,国次/太刀　　来国次　　長さ74.1糎　・特重　第17回.jpg
Tachi,Rai,国次,来国次,74.1,Juyo 46,太刀 来国次 長さ74.1糎 ・第46回,国次/太刀　　来国次　　長さ74.1糎　・第46回.jpg
Tachi,Rai,国次,来国次,78,Juyo 25,太刀 来国次 長さ78.0糎 第25回,国次/太刀　　来国次　　長さ78.0糎　　第25回.jpg
Tachi,Rai,国次,来国（以下切れ） 来 国次,68.2,Juyo 17,太刀 来国（以下切れ） 来 国次 長さ68.2糎 第17回,国次/太刀　　来国（以下切れ）　来　国次　　長さ68.2糎　　第17回.jpg
Tanto,Rai,国次,来国次,24.5,Tokubetsu Juyo 7,短刀 来国次 長さ24.5糎 ・特重 第7回。,国次/短刀　　来国次　　長さ24.5糎　・特重　第7回。.jpg
Tanto,Rai,国次,来国次,24.5,Juyo 19,短刀 来国次 長さ24.5糎 ・第19回。,国次/短刀　　来国次　　長さ24.5糎　・第19回。.jpg
Tanto,Rai,国次,来国次,25.3,Tokubetsu Juyo 17,短刀 来国次 長さ25.3糎 ・特重 第17回。,国次/短刀　　来国次　　長さ25.3糎　・特重　第17回。.jpg
Tanto,Rai,国次,来国次,25.3,Juyo 3,短刀 来国次 長さ25.3糎 ・第3回。,国次/短刀　　来国次　　長さ25.3糎　・第3回。.jpg
Tanto,Rai,国次,来国次,26.1,Tokubetsu Juyo 16,短刀 来国次 長さ26.1糎 ・特重 第16回,国次/短刀　　来国次　　長さ26.1糎　・特重　第16回.jpg
Tanto,Rai,国次,来国次,26.1,Juyo 44,短刀 来国次 長さ26.1糎 ・第44回,国次/短刀　　来国次　　長さ26.1糎　・第44回.jpg
Tanto,Rai,国次,来国次,27.4,Tokubetsu Juyo 13,短刀 来国次 長さ27.4糎 第39回。特重第13回,国次/短刀　　来国次　　長さ27.4糎　　第39回。特重第13回.jpg
Tanto,Rai,国次,来国次 （朱銘） 本阿 （花押）,26.2,Juyo 24,短刀 来国次 （朱銘） 本阿 （花押） 長さ26.2糎 第24回。,国次/短刀　　来国次　（朱銘）　本阿　（花押）　　長さ26.2糎　　第24回。.jpg
Tanto,Rai,国次,来国次 （朱銘） 本阿 （花押）,29.3,Juyo 22,短刀 来国次 （朱銘） 本阿 （花押） 長さ29.3糎 第22回。,国次/短刀　　来国次　（朱銘）　本阿　（花押）　　長さ29.3糎　　第22回。.jpg
Wakizashi,Rai,国次,来国次,33,Juyo 4,脇差 来国次 長さ1尺9分 第4回。,国次/脇差　　来国次　　長さ1尺9分　　第4回。.jpg
Wakizashi,Rai,国次,無銘 （来国次）,55.6,Tokubetsu Juyo 7,脇差 無銘 （来国次） 長さ55.6糎 ・特重 第7回。,国次/脇差　　無銘　（来国次）　　長さ55.6糎　・特重　第7回。.jpg
Wakizashi,Rai,国次,無銘 （来国次）,55.6,Juyo 5,脇差 無銘 （来国次） 長さ55.6糎 ・第5回。,国次/脇差　　無銘　（来国次）　　長さ55.6糎　・第5回。.jpg
Wakizashi,Rai,国次,無銘 （来国次）,58.9,Juyo 37,脇差 無銘 （来国次） 長さ58.9糎 第37回。,国次/脇差　　無銘　（来国次）　　長さ58.9糎　　第37回。.jpg
Wakizashi,Rai,国次,無銘 （来国次） 截断銘（金象嵌）,57.9,Juyo 36,脇差 無銘 （来国次） 截断銘（金象嵌） 長さ57.9糎 第36回。,国次/脇差　　無銘　（来国次）　截断銘（金象嵌）　　長さ57.9糎　　第36回。.jpg
Naoshi,Rai,国次,脇差 無銘 （伝来国次）,47.5,Juyo 17,薙刀直し脇差 無銘 （伝来国次） 長さ47.5糎 第17回,国次/薙刀直し脇差　　無銘　（伝来国次）　　長さ47.5糎　　第17回.jpg
Katana,Rai,国真,来国真 （金象嵌）,69.1,Juyo 10,刀  来国真 （金象嵌） 長さ2尺2寸8分 第10回。,国真/刀　　　 来国真　（金象嵌）　　長さ2尺2寸8分　　第10回。.jpg
Katana,Rai,国真,来国真 （金象嵌）,70.4,Juyo 38,刀  来国真 （金象嵌） 長さ70.4糎 第38回。,国真/刀　　　 来国真　（金象嵌）　　長さ70.4糎　　第38回。.jpg
Katana,Rai,国真,来国真 （金象嵌） 本阿 （花押）,69.6,Juyo 30,刀  来国真 （金象嵌） 本阿 （花押） 長さ69.6糎 第30回。,国真/刀　　　 来国真　（金象嵌）　本阿　（花押）　長さ69.6糎　　第30回。.jpg
Katana,Rai,国真,無銘 （伝来国真）,72.7,Juyo 12,刀  無銘 （伝来国真） 長さ2尺4寸 第12回。,国真/刀　　　 無銘　（伝来国真）　　長さ2尺4寸　　第12回。.jpg
Katana,Rai,国真,無銘 （伝来国真）,70.8,Juyo 16,刀  無銘 （伝来国真） 長さ70.8糎 第16回,国真/刀　　　 無銘　（伝来国真）　　長さ70.8糎　　第16回.jpg
Katana,Rai,国真,無銘 （来国真）,68.5,Juyo 36,刀  無銘 （来国真） 長さ68.5糎 第36回。,国真/刀　　　 無銘　（来国真）　　長さ68.5糎　　第36回。.jpg
Katana,Rai,国真,無銘 （来国真）,68.5,Juyo 44,刀  無銘 （来国真） 長さ68.5糎 第44回。,国真/刀　　　 無銘　（来国真）　　長さ68.5糎　　第44回。.jpg
Katana,Rai,国真,無銘 （来国真）,70.2,Juyo 40,刀  無銘 （来国真） 長さ70.2糎 第40回。,国真/刀　　　 無銘　（来国真）　　長さ70.2糎　　第40回。.jpg
Katana,Rai,国真,無銘 （来国真）,71.4,Juyo 33,刀  無銘 （来国真） 長さ71.4糎 第33回。,国真/刀　　　 無銘　（来国真）　　長さ71.4糎　　第33回。.jpg
Katana,Rai,国真,無銘 （来国真）,72,Juyo 33,刀  無銘 （来国真） 長さ72.0糎 第33回。,国真/刀　　　 無銘　（来国真）　　長さ72.0糎　　第33回。.jpg
Katana,Rai,国真,無銘 （来国真）,74,Juyo 43,刀  無銘 （来国真） 長さ74.0糎 第43回。,国真/刀　　　 無銘　（来国真）　　長さ74.0糎　　第43回。.jpg
Wakizashi,Rai,国真,来国真,35.7,Juyo 23,脇差 来国真 長さ35.7糎 第23回。,国真/脇差　　来国真　　長さ35.7糎　　第23回。.jpg
Katana,Rai,国秀,無銘 （伝来国秀）,60.3,Juyo 29,刀  無銘 （伝来国秀） 長さ60.3糎 第29回,国秀/刀　　　 無銘　（伝来国秀）　　長さ60.3糎　　第29回.jpg
Katana,Rai,国秀,無銘 （伝来国秀）,68.8,Juyo 28,刀  無銘 （伝来国秀） 長さ68.8糎 第28回。,国秀/刀　　　 無銘　（伝来国秀）　　長さ68.8糎　　第28回。.jpg
Katana,Rai,国秀,無銘 （伝来国秀）,70.9,Juyo 47,刀  無銘 （伝来国秀） 長さ70.9糎 第47回。,国秀/刀　　　 無銘　（伝来国秀）　　長さ70.9糎　　第47回。.jpg
Tachi,Rai,国秀,国秀,71.5,Juyo 21,太刀 国秀 長さ71.5糎 第21回。,国秀/太刀　　国秀　　長さ71.5糎　　第21回。.jpg
Yari,Rai,国秀,来国秀,28.6,Juyo 28,槍  来国秀 長さ28.6糎 第28回。,国秀/槍　　　 来国秀　　長さ28.6糎　　第28回。.jpg
Yari,Rai,国秀,来国秀,29.1,Juyo 25,槍  来国秀 長さ29.1糎 第25回。,国秀/槍　　　 来国秀　　長さ29.1糎　　第25回。.jpg
Katana,Rai,国行,国行,61.3,Juyo 33,刀  国行 長さ61.25糎 第33回。,国行/刀　　　 国行　　長さ61.25糎　　第33回。.jpg
Katana,Rai,国行,国行 （折返銘）,70,Juyo 4,刀  国行 （折返銘） 長さ2尺3寸1分 第4回。,国行/刀　　　 国行　（折返銘）　　長さ2尺3寸1分　　第4回。.jpg
Katana,Rai,国行,国行 （折返銘）,65.8,Juyo 18,刀  国行 （折返銘） 長さ65.8糎 第18回。,国行/刀　　　 国行　（折返銘）　　長さ65.8糎　　第18回。.jpg
Katana,Rai,国行,国行 （金粉銘）,71.7,Tokubetsu Juyo 5,刀  国行 （金粉銘） 長さ71.7糎 ・特重 第5回。,国行/刀　　　 国行　（金粉銘）　　長さ71.7糎　・特重　第5回。.jpg
Katana,Rai,国行,国行 （金粉銘）,71.7,Juyo 12,刀  国行 （金粉銘） 長さ71.7糎 ・第12回。,国行/刀　　　 国行　（金粉銘）　　長さ71.7糎　・第12回。.jpg
Katana,Rai,国行,国行 （金象嵌） 本阿 （花押）,71.7,Tokubetsu Juyo 9,刀  国行 （金象嵌） 本阿 （花押） 長さ71.7糎 ・特重 第9回。,国行/刀　　　 国行　（金象嵌）　本阿　（花押）　　長さ71.7糎　・特重　第9回。.jpg
Katana,Rai,国行,国行 （金象嵌） 本阿 （花押）,71.8,Juyo 31,刀  国行 （金象嵌） 本阿 （花押） 長さ71.8糎 ・第31回。,国行/刀　　　 国行　（金象嵌）　本阿　（花押）　　長さ71.8糎　・第31回。.jpg
Katana,Rai,国行,国行 （額銘） （金粉銘）面影 来太郎,62.2,Tokubetsu Juyo 12,刀  国行 （額銘） （金粉銘）面影 来太郎 長さ62.2糎 ・特重 第12回。,国行/刀　　　 国行　（額銘）　（金粉銘）面影　来太郎　長さ62.2糎　・特重　第12回。.jpg
Katana,Rai,国行,国行 （額銘） （金粉銘）面影 来太郎,62.2,Juyo 37,刀  国行 （額銘） （金粉銘）面影 来太郎 長さ62.2糎 ・第37回。,国行/刀　　　 国行　（額銘）　（金粉銘）面影　来太郎　長さ62.2糎　・第37回。.jpg
Katana,Rai,国行,来 国○ （金象嵌） 国行 依明治云々,70.1,Juyo 40,刀  来 国○ （金象嵌） 国行 依明治云々 長さ70.1糎 第40回。,国行/刀　　　 来　国○　（金象嵌）　国行　依明治云々　　長さ70.1糎　第40回。.jpg
Katana,Rai,国行,来 国行 （金象嵌） 光遜 （花押）,77.4,Juyo 20,刀  来 国行 （金象嵌） 光遜 （花押） 長さ77.4糎 第20回。,国行/刀　　　 来　国行　（金象嵌）　光遜　（花押）　長さ77.4糎　　第20回。.jpg
Katana,Rai,国行,来 国行 （金象嵌） 所持銘あり,74.1,Juyo 40,刀  来 国行 （金象嵌） 所持銘あり 長さ74.1糎 第40回。,国行/刀　　　 来　国行　（金象嵌）　所持銘あり　　長さ74.1糎　　第40回。.jpg
Katana,Rai,国行,無銘 （伝来国行）,66.7,Juyo 14,刀  無銘 （伝来国行） 長さ2尺2寸強 第14回,国行/刀　　　 無銘　（伝来国行）　　長さ2尺2寸強　　第14回.jpg
Katana,Rai,国行,無銘 （伝来国行）,70.3,Juyo 8,刀  無銘 （伝来国行） 長さ2尺3寸2分強 第8回。,国行/刀　　　 無銘　（伝来国行）　　長さ2尺3寸2分強　　第8回。.jpg
Katana,Rai,国行,無銘 （伝来国行）,70.6,Juyo 8,刀  無銘 （伝来国行） 長さ2尺3寸3分強 第8回。,国行/刀　　　 無銘　（伝来国行）　　長さ2尺3寸3分強　　第8回。.jpg
Katana,Rai,国行,無銘 （伝来国行）,72.1,Juyo 13,刀  無銘 （伝来国行） 長さ2尺3寸8分半 第13回。,国行/刀　　　 無銘　（伝来国行）　　長さ2尺3寸8分半　　第13回。.jpg
Katana,Rai,国行,無銘 （伝来国行）,72.7,Juyo 14,刀  無銘 （伝来国行） 長さ2尺4寸 第14回。,国行/刀　　　 無銘　（伝来国行）　　長さ2尺4寸　　第14回。.jpg
Katana,Rai,国行,無銘 （伝来国行）,76.4,Juyo 9,刀  無銘 （伝来国行） 長さ2尺5寸2分 第9回。,国行/刀　　　 無銘　（伝来国行）　　長さ2尺5寸2分　　第9回。.jpg
Katana,Rai,国行,無銘 （伝来国行）,68.8,Juyo 17,刀  無銘 （伝来国行） 長さ68.8糎 第17回。,国行/刀　　　 無銘　（伝来国行）　　長さ68.8糎　　第17回。.jpg
Katana,Rai,国行,無銘 （伝来国行）,69.7,Juyo 40,刀  無銘 （伝来国行） 長さ69.7糎 第40回,国行/刀　　　 無銘　（伝来国行）　　長さ69.7糎　　第40回.jpg
Katana,Rai,国行,無銘 （伝来国行）,70.6,Juyo 24,刀  無銘 （伝来国行） 長さ70.6糎 第24回。,国行/刀　　　 無銘　（伝来国行）　　長さ70.6糎　　第24回。.jpg
Katana,Rai,国行,無銘 （伝来国行）,71.2,Juyo 40,刀  無銘 （伝来国行） 長さ71.2糎 第40回,国行/刀　　　 無銘　（伝来国行）　　長さ71.2糎　　第40回.jpg
Katana,Rai,国行,無銘 （伝来国行）,71.3,Tokubetsu Juyo 17,刀  無銘 （伝来国行） 長さ71.3糎 特重 第17回。,国行/刀　　　 無銘　（伝来国行）　　長さ71.3糎　　特重　第17回。.jpg
Katana,Rai,国行,無銘 （伝来国行）,71.4,Juyo 28,刀  無銘 （伝来国行） 長さ71.4糎 第28回。,国行/刀　　　 無銘　（伝来国行）　　長さ71.4糎　　第28回。.jpg
Katana,Rai,国行,無銘 （伝来国行）,71.7,Juyo 17,刀  無銘 （伝来国行） 長さ71.7糎 第17回。,国行/刀　　　 無銘　（伝来国行）　　長さ71.7糎　　第17回。.jpg
Katana,Rai,国行,無銘 （伝来国行）,73,Juyo 17,刀  無銘 （伝来国行） 長さ73.0糎 第17回。,国行/刀　　　 無銘　（伝来国行）　　長さ73.0糎　　第17回。.jpg
Katana,Rai,国行,無銘 （来国行）,68.8,Juyo 13,刀  無銘 （来国行） 長さ2尺2寸7分 第13回。,国行/刀　　　 無銘　（来国行）　　長さ2尺2寸7分　　第13回。.jpg
Katana,Rai,国行,無銘 （来国行）,71.2,Juyo 14,刀  無銘 （来国行） 長さ2尺3寸5分半 第14回。,国行/刀　　　 無銘　（来国行）　　長さ2尺3寸5分半　　第14回。.jpg
Katana,Rai,国行,無銘 （来国行）,71.2,Juyo 13,刀  無銘 （来国行） 長さ2尺3寸5分強 第13回。,国行/刀　　　 無銘　（来国行）　　長さ2尺3寸5分強　　第13回。.jpg
Katana,Rai,国行,無銘 （来国行）,62.1,Tokubetsu Juyo 14,刀  無銘 （来国行） 長さ62.1糎 ・特重 第14回。,国行/刀　　　 無銘　（来国行）　　長さ62.1糎　・特重　第14回。.jpg
Katana,Rai,国行,無銘 （来国行）,62.1,Juyo 31,刀  無銘 （来国行） 長さ62.1糎 ・第31回。無銘（来国光）より変更,国行/刀　　　 無銘　（来国行）　　長さ62.1糎　・第31回。無銘（来国光）より変更.jpg
Katana,Rai,国行,無銘 （来国行）,65.3,Juyo 47,刀  無銘 （来国行） 長さ65.25糎 第47回。,国行/刀　　　 無銘　（来国行）　　長さ65.25糎　　第47回。.jpg
Katana,Rai,国行,無銘 （来国行）,65.6,Juyo 46,刀  無銘 （来国行） 長さ65.6糎 第46回。,国行/刀　　　 無銘　（来国行）　　長さ65.6糎　　第46回。.jpg
Katana,Rai,国行,無銘 （来国行）,68.4,Tokubetsu Juyo 17,刀  無銘 （来国行） 長さ68.4糎 ・特重 第17回。,国行/刀　　　 無銘　（来国行）　　長さ68.4糎　・特重　第17回。.jpg
Katana,Rai,国行,無銘 （来国行）,68.4,Juyo 12,刀  無銘 （来国行） 長さ68.4糎 ・第12回。,国行/刀　　　 無銘　（来国行）　　長さ68.4糎　・第12回。.jpg
Katana,Rai,国行,無銘 （来国行）,68.6,Tokubetsu Juyo 13,刀  無銘 （来国行） 長さ68.6糎 第39回。特重第13回,国行/刀　　　 無銘　（来国行）　　長さ68.6糎　　第39回。特重第13回.jpg
Katana,Rai,国行,無銘 （来国行）,69.5,Juyo 40,刀  無銘 （来国行） 長さ69.55糎 第40回。,国行/刀　　　 無銘　（来国行）　　長さ69.55糎　　第40回。.jpg
Katana,Rai,国行,無銘 （来国行）,70.2,Juyo 45,刀  無銘 （来国行） 長さ70.2糎 第45回。,国行/刀　　　 無銘　（来国行）　　長さ70.2糎　　第45回。.jpg
Katana,Rai,国行,無銘 （来国行）,71.1,Juyo 25,刀  無銘 （来国行） 長さ71.1糎 第25回,国行/刀　　　 無銘　（来国行）　　長さ71.1糎　　第25回.jpg
Katana,Rai,国行,無銘 （来国行）,71.2,Juyo 22,刀  無銘 （来国行） 長さ71.2糎 第22回。,国行/刀　　　 無銘　（来国行）　　長さ71.2糎　　第22回。.jpg
Katana,Rai,国行,無銘 （来国行）,71.6,Tokubetsu Juyo 7,刀  無銘 （来国行） 長さ71.6糎 ・特重 第7回。,国行/刀　　　 無銘　（来国行）　　長さ71.6糎　・特重　第7回。.jpg
Katana,Rai,国行,無銘 （来国行）,71.7,Juyo 26,刀  無銘 （来国行） 長さ71.7糎 ・第26回。,国行/刀　　　 無銘　（来国行）　　長さ71.7糎　・第26回。.jpg
Katana,Rai,国行,無銘 （来国行）,75.2,Juyo 22,刀  無銘 （来国行） 長さ75.2糎 第22回。,国行/刀　　　 無銘　（来国行）　　長さ75.2糎　　第22回。.jpg
Tachi,Rai,国行,国行,70.3,Juyo 6,太刀 国行 長さ2尺3寸2分半 第6回。,国行/太刀　　国行　　長さ2尺3寸2分半　　第6回。.jpg
Tachi,Rai,国行,国行,71.2,Juyo 13,太刀 国行 長さ2尺3寸5分半 第13回。,国行/太刀　　国行　　長さ2尺3寸5分半　　第13回。.jpg
Tachi,Rai,国行,国行,67.1,Juyo 44,太刀 国行 長さ67.1糎 第44回,国行/太刀　　国行　　長さ67.1糎　　第44回.jpg
Tachi,Rai,国行,国行,68.8,Juyo 30,太刀 国行 長さ68.8糎 第30回,国行/太刀　　国行　　長さ68.8糎　　第30回.jpg
Tachi,Rai,国行,国行,69.8,Tokubetsu Juyo 8,太刀 国行 長さ69.8糎 ・特重 第8回,国行/太刀　　国行　　長さ69.8糎　・特重　第8回.jpg
Tachi,Rai,国行,国行,69.8,Juyo 21,太刀 国行 長さ69.8糎 ・第21回,国行/太刀　　国行　　長さ69.8糎　・第21回.jpg
Tachi,Rai,国行,国行,70.2,Juyo 32,太刀 国行 長さ70.2糎 第32回,国行/太刀　　国行　　長さ70.2糎　　第32回.jpg
Tachi,Rai,国行,国行,70.4,Tokubetsu Juyo 3,太刀 国行 長さ70.4糎 ・特重 第3回。,国行/太刀　　国行　　長さ70.4糎　・特重　第3回。.jpg
Tachi,Rai,国行,国行,70.4,Juyo 10,太刀 国行 長さ70.4糎 ・第10回。,国行/太刀　　国行　　長さ70.4糎　・第10回。.jpg
Tachi,Rai,国行,国行,70.5,Juyo 20,太刀 国行 長さ70.5糎 第20回。,国行/太刀　　国行　　長さ70.5糎　　第20回。.jpg
Tachi,Rai,国行,国行,71.4,Tokubetsu Juyo 13,太刀 国行 長さ71.4糎 第39回・特重第13回,国行/太刀　　国行　　長さ71.4糎　　第39回・特重第13回.jpg
Tachi,Rai,国行,国行,73,Juyo 15,太刀 国行 長さ73.0糎 第15回。,国行/太刀　　国行　　長さ73.0糎　　第15回。.jpg
Tachi,Rai,国行,国行,73.5,Juyo 26,太刀 国行 長さ73.5糎 第26回。,国行/太刀　　国行　　長さ73.5糎　　第26回。.jpg
Tachi,Rai,国行,国行,75.3,Juyo 33,太刀 国行 長さ75.3糎 第33回,国行/太刀　　国行　　長さ75.3糎　　第33回.jpg
Tachi,Rai,国行,国行,76.8,Tokubetsu Juyo 12,太刀 国行 長さ76.75糎 ・特重 第12回,国行/太刀　　国行　　長さ76.75糎　・特重　第12回.jpg
Tachi,Rai,国行,国行,76.8,Juyo 13,太刀 国行 長さ76.75糎 ・第13回,国行/太刀　　国行　　長さ76.75糎　・第13回.jpg
Tachi,Rai,国行,国行,78.2,Juyo 37,太刀 国行 長さ78.2糎 第37回,国行/太刀　　国行　　長さ78.2糎　　第37回.jpg
Tachi,Rai,国行,国行,78.4,Juyo 35,太刀 国行 長さ78.4糎 第35回。,国行/太刀　　国行　　長さ78.4糎　　第35回。.jpg
Tachi,Rai,国行,国行,78.6,Juyo 23,太刀 国行 長さ78.6糎 第23回,国行/太刀　　国行　　長さ78.6糎　　第23回.jpg
Tachi,Rai,国行,国行,81.2,Juyo 37,太刀 国行 長さ81.2糎 第37回。,国行/太刀　　国行　　長さ81.2糎　　第37回。.jpg
Tachi,Rai,国行,国行,81.6,Juyo 22,太刀 国行 長さ81.6糎 第22回,国行/太刀　　国行　　長さ81.6糎　　第22回.jpg
Tachi,Rai,国行,国行,82.5,Juyo 37,太刀 国行 長さ82.5糎 第37回,国行/太刀　　国行　　長さ82.5糎　　第37回.jpg
Tachi,Rai,国行,国行 （朱銘） 本阿 （花押）,79,Juyo 19,太刀 国行 （朱銘） 本阿 （花押） 長さ79.0糎 第19回。,国行/太刀　　国行　（朱銘）　本阿　（花押）　　長さ79.0糎　　第19回。.jpg
Tachi,Rai,国行,無銘 （伝来国行）,68,Juyo 10,太刀 無銘 （伝来国行） 長さ2尺2寸4分5厘 第10回,国行/太刀　　無銘　（伝来国行）　　長さ2尺2寸4分5厘　　第10回.jpg
Tachi,Rai,国行,無銘 （来国行）,74,Juyo 47,太刀 無銘 （来国行） 長さ74.0糎 第47回,国行/太刀　　無銘　（来国行）　　長さ74.0糎　　第47回.jpg
Tachi,Rai,国行,銘不明 （伝来国行）,78.4,Juyo 43,太刀 銘不明 （伝来国行） 長さ78.4糎 第43回。,国行/太刀　　銘不明　（伝来国行）　　長さ78.4糎　　第43回。.jpg
Kodachi,Rai,国行,国行,60,Juyo 31,小太刀 国行 長さ60.0糎 第31回,国行/小太刀　　国行　　長さ60.0糎　　第31回.jpg
Tanto,Rai,国行,国行 （朱銘） 本阿 （花押）,27,Juyo 26,短刀 国行 （朱銘） 本阿 （花押） 長さ27.0糎 第26回。,国行/短刀　　国行　（朱銘）　本阿　（花押）　　長さ27.0糎　　第26回。.jpg
Wakizashi,Rai,国行,国行,30.6,Tokubetsu Juyo 12,脇差 国行 長さ30.65糎 ・特重 第12回。,国行/脇差　　国行　　長さ30.65糎　・特重　第12回。.jpg
Wakizashi,Rai,国行,国行,30.7,Juyo 21,脇差 国行 長さ30.7糎 ・第21回。,国行/脇差　　国行　　長さ30.7糎　・第21回。.jpg
Wakizashi,Rai,国行,国行 （貼銘） 切付銘あり,62,Juyo 20,脇差 国行 （貼銘） 切付銘あり 長さ62.0糎 第20回,国行/脇差　　国行　（貼銘）　切付銘あり　　長さ62.0糎　　第20回.jpg
Wakizashi,Rai,国行,無銘 （伝来国行）,54.6,Juyo 33,脇差 無銘 （伝来国行） 長さ54.6糎 第33回。,国行/脇差　　無銘　（伝来国行）　　長さ54.6糎　　第33回。.jpg
Tachi,Rai,国行,延慶弐年○八月十二日 国行 （山城）,77.4,Juyo 28,太刀 延慶弐年○八月十二日 国行 （山城） 長さ77.4糎 第28回。,太刀　　延慶弐年○八月十二日　国行　（山城）　　長さ77.4糎　　第28回。.jpg
Tanto,Rai,光重,元徳三年十月廿二日/ 来光重,26.9,Juyo 27,短刀 来光重 長さ26.9糎 第27回。,短刀　　来光重　　長さ26.9糎　　第27回。.jpg
Tanto,Rai,国宗,来国宗,27,Juyo 13,短刀 来国宗 長さ8寸9分 第13回,短刀　　来国宗　　長さ8寸9分　　第13回.jpg
